lr,lc,rc,ld,rd,lnnz,rnnz,sp_smdm_todense,sp_smdm_multiply,sp_smdm_total,bz_smsm
102040,18882,14345,2.48e-05,0.005,47842,1354418,1787,16927,18714,237
133601,90544,7271,2.09e-05,0.0005,252582,329195,3386,20737,24123,84
146350,93024,4117,0.00034241,0.01,4661616,3830294,3582,72111,75693,16947
14406,46480,42937,0.00034241,0.005,229291,9978735,10857,48186,59043,3399
86017,23285,11009,2.48e-05,0.17,49732,43579671,9705,19376,29081,7733
14206,13733,34633,0.00019487,0.13,38018,61830693,14144,9581,23725,11790
49885,5508,8049,0.00013363,0.23,36719,10197743,160,5751,5911,4605
51631,1681,15292,0.00082487,0.3,71597,7712439,171,9754,9925,19776
44389,9806,10105,0.00013363,0.1,58169,9910390,960,8880,9840,4324
118751,24731,6160,2.48e-05,0.15,72924,22852551,1374,15940,17314,5581
10590,1320,6199,0.00160539,0.005,22445,40923,24,547,571,56
52367,10176,33949,0.00015297,0.13,81521,44914624,10027,36918,46945,34004
125786,17872,382,8.43e-05,0.2,189494,1367867,41,495,536,1033
59185,11605,6891,1.65e-05,0.3,11340,23993000,889,12819,13708,1796
43780,33719,20168,4.34e-06,0.03,6406,20402401,6812,17674,24486,447
31550,50724,12976,0.00163948,0.0005,2623805,329110,3525,52452,55977,959
3776,61561,9078,4.34e-06,0.1,1008,55887636,13176,2097,15273,375
36686,51323,14010,0.00015297,0.07,288023,50332695,12272,36212,48484,20788
74178,84288,11408,0.00860544,0.05,53804921,48082497,23402,1048610,1072012,355398
105961,45060,10913,0.00082185,0.01,3924037,4917550,3665,118213,121878,35951
44251,28370,11979,0.00108175,0.15,1358055,50976914,2399,45763,48162,77880
9638,22334,9342,0.00031941,0.23,68756,47988813,1562,4126,5688,7860
95173,10194,4421,0.00082185,0.3,797410,13521436,304,11121,11425,46741
139572,67225,10326,4.34e-06,0.001,40721,694210,3617,19810,23427,68
61642,12832,11924,0.00160539,0.03,1269878,4590409,1983,28746,30729,32331
65851,32180,1894,0.00047003,0.25,996058,15239910,568,3539,4107,18438
26670,9369,20507,0.00013363,0.3,33394,57646768,2342,26114,28456,12992
56025,8581,24253,0.00031941,0.25,153567,52032484,1687,34993,36680,70550
21436,5502,38938,0.00108175,0.05,127600,10713242,3094,16885,19979,17722
11790,29212,23047,1.65e-05,0.01,5686,6732822,4288,8199,12487,156
133215,11011,13911,0.02533638,0.2,37165044,30635711,1611,1245650,1247261,1086264
113202,85712,3811,0.00108175,0.13,10496058,42466021,11914,114484,126398,108084
1014,22970,7673,0.00370564,0.15,86367,26439607,1643,3369,5012,1625
15199,16606,6119,0.00108175,0.01,273032,1016188,998,4531,5529,995
40406,2013,5631,0.00047003,0.05,38238,566912,53,2693,2746,684
40897,18462,1695,2.48e-05,0.25,18748,7825973,125,888,1013,648
68195,39461,13873,0.00034241,0.05,921454,27374065,7921,39076,46997,50834
137299,99547,1550,0.00034241,0.1,4680017,15431392,1404,31886,33290,34908
12689,1955,47651,2.48e-05,0.23,616,21437334,1071,11535,12606,570
39005,1543,32615,0.00491597,0.27,295887,13588848,317,23281,23598,109396
1993,39050,10105,1.65e-05,0.17,1285,67084446,1326,1554,2880,553
113595,7112,11490,0.00019487,0.23,157455,18798685,334,16931,17265,31999
62426,61428,2065,0.00031941,0.07,1224865,8882332,420,5973,6393,13819
48686,5235,19604,0.00370564,0.23,944632,23609110,1081,39671,40752,130118
125208,34477,3717,0.00013363,0.13,576858,16660465,1192,14105,15297,24811
146799,44538,14185,0.00031941,0.03,2088364,18953505,6901,93979,100880,78980
18321,43848,11683,2.48e-05,0.005,19947,2561450,2814,6815,9629,135
47457,20690,17510,0.00108175,0.01,1062201,3623009,2481,32763,35244,12611
43856,14221,21646,0.00163948,0.13,1022562,40019915,9395,50274,59669,127608
101565,35722,12705,0.00108175,0.1,3924777,45387190,11287,137148,148435,199607
146193,58399,3644,0.00031941,0.2,2727011,42568695,9941,34693,44634,86919
103197,28816,14217,0.01084252,0.15,32242926,61453101,20326,1144961,1165287,760550
15388,5249,16725,0.00019487,0.005,15743,439045,423,3234,3657,93
3002,27490,13574,1.65e-05,0.0005,1362,186584,2129,1552,3681,16
53375,19241,29067,4.34e-06,0.07,4457,39151918,18121,29337,47458,946
72151,27530,16389,4.64e-06,0.13,9216,58657539,13492,34919,48411,2173
2115,8578,23285,0.00296184,0.25,53755,49939462,2116,4004,6120,6693
69561,9712,17758,0.00018467,0.2,124769,34497130,1784,25347,27131,36100
79395,8443,600,0.00182521,0.13,1223616,658898,35,1490,1525,4607
52463,45276,7513,0.00078778,0.005,1871258,1701001,2298,24996,27294,4725
47493,7813,2483,0.00108175,0.03,401443,582094,169,2855,3024,1925
66631,18827,15564,0.00296184,0.05,3715732,14652201,4598,99072,103670,121037
16590,24487,9886,0.01084252,0.13,4404775,31472468,1701,56755,58456,51520
99597,63890,1999,2.48e-05,0.25,158002,31938583,1413,4375,5788,6147
143433,480,8949,0.00019487,0.05,13422,214881,81,8470,8551,375
93400,97536,15816,0.00163948,0.03,14935599,46280910,18755,610966,629721,260995
86991,26959,5701,2.09e-05,0.27,48968,41504159,1559,20263,21822,5814
92974,30050,931,0.00018467,0.25,515950,6995723,165,1667,1832,7278
107096,58135,1623,0.00952101,0.07,59278378,6606255,301,248804,249105,79856
53572,23304,2754,4.34e-06,0.15,5418,9628404,265,1430,1695,259
4347,45715,7283,0.00078778,0.15,156568,49943970,2355,6261,8616,4820
9473,27403,8460,0.00013363,0.17,34692,39414460,1708,3273,4981,3757
6925,56180,1098,2.09e-05,0.27,8124,16663658,295,353,648,269
51587,4396,36801,0.00034241,0.3,77654,48535949,1907,34389,36296,58211
44995,103,1103,0.00952101,0.15,44508,17191,11,344,355,281
96491,74097,15905,0.00952101,0.03,68073196,35356676,24007,2558185,2582192,456665
52238,29982,2113,0.00370564,0.25,5803881,15838908,234,20084,20318,34580
85302,10471,21944,0.00160539,0.2,1433969,45956855,1580,80165,81745,243431
48030,7654,6046,0.00041097,0.01,151086,462774,94,4591,4685,560
6261,48044,42519,0.00160539,0.03,482917,61285722,20835,50238,71073,27531
13759,23272,17955,4.34e-06,0.13,1389,54322273,12424,2547,14971,578
61691,80856,736,0.00082185,0.27,4099507,16081889,218,5585,5803,11679
138518,9384,11294,0.00860544,0.2,11186535,21198014,1089,421162,422251,403973
98070,41854,10560,0.00082282,0.01,3377406,4420165,3186,84207,87393,26655
143092,65008,3069,0.00015297,0.13,1422960,25936502,1879,21900,23779,39617
24791,16269,14679,0.02533638,0.05,10219307,11941414,5404,224881,230285,86767
44297,61348,17656,4.64e-06,0.005,12609,5416107,5945,15889,21834,145
64571,43412,10899,0.00082282,0.07,2306571,33121768,8651,55448,64099,99656
106631,87190,568,4.34e-06,0.15,40349,7429761,153,1066,1219,447
86013,21342,4409,0.00078778,0.13,1446164,12234710,368,16452,16820,47097
107973,41738,7873,0.00047003,0.01,2118248,3286379,2411,42845,45256,13669
1811,10380,6957,0.00370564,0.23,69676,16611313,320,1570,1890,1937
47940,38054,22302,0.01084252,0.07,19780276,59408042,18894,703820,722714,346706
94874,14015,17187,0.00952101,0.17,12660371,40951821,1724,506022,507746,524397
63634,52195,4438,0.00041097,0.07,1365019,16217726,4421,17805,22226,28434
118647,39207,2116,1.65e-05,0.2,76802,16598253,336,6648,6984,2522
52978,54162,13658,4.64e-06,0.07,13314,51783270,12586,28796,41382,1316
106863,58927,6400,0.01084252,0.05,68277224,18858262,2207,1170375,1172582,232532
17203,9276,46574,1.65e-05,0.15,2634,64806756,14570,6463,21033,2105
77647,1338,21009,0.00031941,0.17,33203,4781515,101,13861,13962,9175
65790,2811,31419,0.01084252,0.3,2005331,26497877,945,105394,106339,322075
132738,19686,6347,1.65e-05,0.2,43144,24991464,1213,16984,18197,4927
76704,9400,20448,0.00370564,0.27,2672049,51903178,2125,110501,112626,284238
55952,90460,4454,0.00034241,0.13,1733084,52384249,12402,15519,27921,54351
29251,47333,27548,0.00013363,0.05,185024,65199687,32165,55243,87408,32569
34840,8433,25300,2.09e-05,0.3,6135,64015735,1963,29374,31337,3882
61053,13027,19093,4.64e-06,0.001,3690,248735,1573,9936,11509,21
1471,4180,13692,0.00160539,0.3,9876,17170881,330,638,968,1681
34240,16536,11526,0.00018467,0.001,104565,190604,1326,7379,8705,87
132052,47009,4464,0.00082282,0.1,5107894,20985585,1317,80318,81635,89112
61892,13857,26601,0.00370564,0.0005,3178208,184313,2280,134886,137166,1819
58241,500,12288,0.00860544,0.2,251004,1230856,40,9798,9838,32843
8493,44883,47501,0.00082487,0.03,314458,63961159,20611,47132,67743,39827
148447,19635,7593,0.00182521,0.27,5320082,40254473,1728,153971,155699,238545
141635,56061,523,0.00047003,0.1,3732153,2936046,121,6336,6457,10037
59009,25552,6214,0.00031941,0.005,481619,793979,1383,9174,10557,1010
112006,30735,1276,0.00082487,0.13,2839697,5100347,127,9970,10097,19615
19221,18835,31189,0.00013363,0.1,48380,58746979,13466,31955,45421,23203
68995,27841,15139,0.00013363,0.13,256697,54796778,12396,37279,49675,45946
64722,5404,16755,0.00018467,0.001,64598,90559,417,11309,11726,78
127181,6435,9231,0.00041097,0.01,336382,594117,107,15137,15244,1860
17227,15818,17195,0.00160539,0.25,437487,68004811,2235,37719,39954,50913
115306,30847,1809,2.48e-05,0.25,88319,13951812,523,5172,5695,2746
97180,98590,19545,0.00034241,0.03,3280673,57809313,20526,177116,197642,170605
67517,991,7510,0.00182521,0.13,122198,968223,41,5625,5666,7150
3743,5612,19791,0.00370564,0.07,77850,7775205,958,3352,4310,4839
4773,55994,4582,0.00163948,0.25,438246,64154116,2039,5769,7808,6483
17262,6465,15349,0.00041097,0.05,45867,4962006,580,4671,5251,2180
146470,8081,8129,0.00056263,0.2,665994,13139510,224,22321,22545,74560
72491,26777,18378,2.09e-05,0.07,40531,34448796,8533,27242,35775,4168
136112,37336,1000,4.34e-06,0.03,22055,1120174,100,2071,2171,90
86983,1909,8848,0.00491597,0.13,816611,2196768,67,17111,17178,49049
63416,41986,25103,0.00952101,0.0005,25351182,527001,8902,1037187,1046089,20818
17983,1419,9803,0.00491597,0.27,125527,3758272,70,3441,3511,13171
132313,44446,503,0.00078778,0.2,4632834,4478628,88,7429,7517,11844
23971,61955,1132,0.00034241,0.13,508530,9124370,273,1837,2110,3118
86240,69658,3441,0.00041097,0.15,2468836,35956505,8389,17353,25742,49630
34173,17315,19730,4.64e-06,0.1,2745,34164468,7990,20514,28504,590
91657,58549,8109,0.00182521,0.0005,9794994,237392,3637,192567,196204,2211
69458,65159,2,0.00163948,0.2,7420009,28864,11,96,107,62
121836,69129,8276,0.00034241,0.07,2883934,40052693,10526,82788,93314,114433
6711,69060,5404,0.00952101,0.03,4412859,11196560,4822,32729,37551,9715
147087,90378,1220,0.00370564,0.2,49261310,22063897,1000,215346,216346,141147
50305,3371,21324,0.00160539,0.005,272259,359449,349,16314,16663,1392
39224,30134,27653,0.00078778,0.07,931161,58334069,14564,65254,79818,123532
41579,19913,10607,0.00015297,0.13,126662,27461246,6340,12760,19100,12049
17787,94167,1844,0.00041097,0.15,688392,26051961,1742,3925,5667,4289
545,37003,33487,0.00041097,0.001,8303,1239169,5880,6264,12144,48
37691,48301,29061,2.48e-05,0.01,45204,14037193,8501,29921,38422,1125
36687,13917,42468,0.00160539,0.01,819733,5910683,3982,57835,61817,24380
77492,69743,8797,0.00019487,0.0005,1053192,306799,3174,24794,27968,356
60896,46185,19560,0.00019487,0.0005,548075,451702,4513,33503,38016,346
133615,48032,11168,0.00047003,0.13,3016572,69735088,16043,118198,134241,234635
54107,5682,458,0.02533638,0.05,7790379,130377,23,5168,5191,2866
24408,77887,3967,0.00082185,0.13,1562397,40175655,9335,11003,20338,15989
36431,29677,32054,0.00041097,0.01,444339,9512933,5824,38760,44584,12751
146078,36260,10370,0.00082185,0.01,4353271,3760286,3239,153831,157070,36553
126062,98340,1496,2.09e-05,0.3,258849,44159914,1653,3410,5063,8740
321,7673,20778,8.43e-05,0.2,207,31889231,1670,672,2342,219
127807,17075,1033,8.43e-05,0.17,183948,2999618,273,2235,2508,2408
37049,16639,13928,0.00860544,0.2,5305211,46352075,1602,135196,136798,162471
131085,60817,12135,0.00056263,0.03,4485429,22141340,8465,182290,190755,123385
26825,1545,47487,1.65e-05,0.001,684,73405,340,8244,8584,18
32543,30495,32769,0.00491597,0.005,4878789,4996561,6360,239255,245615,51399
92089,13519,9435,0.00019487,0.27,242616,34441511,1439,17204,18643,53119
85695,25582,2145,0.00952101,0.23,20872664,12626709,551,94880,95431,100343
105359,66589,9786,0.00013363,0.0005,937527,325853,3308,29024,32332,319
75801,66318,17737,1.65e-05,0.03,82996,35290874,12205,38720,50925,4058
51359,93245,144,8.43e-05,0.3,403669,4034713,92,353,445,844
23430,25370,8617,0.00047003,0.25,279411,54660004,1973,33170,35143,31469
51265,6058,36885,0.01084252,0.27,3367862,60341265,1869,199780,201649,392395
141142,4981,4897,0.00860544,0.15,6050752,3659977,90,96591,96681,115751
123689,52575,2100,0.00082282,0.15,5350817,16568020,1123,41828,42951,48416
143383,25145,14058,0.00108175,0.15,3900268,53027494,12846,217949,230795,334128
1781,59334,2808,0.00018467,0.3,19514,49989243,1733,1164,2897,1420
55999,8262,38211,0.00082185,0.01,380273,3157305,2189,38660,40849,9745
50131,20494,10978,0.00019487,0.15,200215,33748977,7859,16030,23889,21477
59138,50684,16287,0.00163948,0.001,4914186,825535,4495,138187,142682,6684
84485,72006,12272,0.00952101,0.05,57921476,44185276,22871,1431449,1454320,422830
640,5666,47743,0.00082185,0.13,2983,35170330,1852,1449,3301,1404
40201,71349,4284,2.48e-05,0.01,71221,3056802,2018,6077,8095,285
51694,2448,20526,0.00952101,0.25,1205181,12565567,467,39995,40462,134829
8031,97579,2772,0.00056263,0.01,440926,2705620,1738,5243,6981,858
2229,3287,36593,0.00078778,0.05,5774,6014862,1919,1124,3043,660
32536,39882,7830,0.01084252,0.15,14069493,46844825,2206,188794,191000,129947
125119,81105,4355,0.00108175,0.15,10977483,52990170,14274,147146,161420,144547
22975,30203,44276,0.00056263,0.0005,390441,668665,6349,43112,49461,551
2719,28161,21608,1.65e-05,0.03,1264,18255507,5964,2629,8593,198
132693,16365,15498,8.43e-05,0.13,183046,32974762,7455,29424,36879,33698
12567,6343,14341,0.00078778,0.1,62803,9097576,906,5991,6897,5593
91883,50589,10925,4.64e-06,0.0005,21568,276351,2899,13454,16353,28
120900,23938,3024,0.00163948,0.27,4744993,19545907,796,48965,49761,74700
53160,87669,317,0.00082185,0.3,3830271,8342248,178,2070,2248,4759
96004,42541,19107,0.00047003,0.03,1919688,24385410,8714,93694,102408,93993
43074,47357,10942,0.00082185,0.001,1676488,518182,2772,31500,34272,1119
21372,59028,14837,4.64e-06,0.05,5853,43790888,12145,6790,18935,627
134155,99141,3406,8.43e-05,0.2,1121085,67545780,14896,11812,26708,60263
89670,37236,1573,0.00082487,0.17,2754217,9959397,263,9277,9540,23659
38440,89275,1834,2.48e-05,0.23,85210,37665012,1761,2350,4111,3024
81450,56935,6639,0.00082185,0.01,3811276,3780217,2840,54612,57452,18639
34570,77428,18043,0.01084252,0.05,29022333,69853653,23772,788254,812026,233242
90925,2460,15215,0.01084252,0.15,2426013,5616224,126,71637,71763,149723
38498,43479,10082,0.00370564,0.05,6202952,21919171,7184,106437,113621,59241
16754,54691,9359,0.00860544,0.1,7885273,51189325,13694,97370,111064,66045
119766,14495,4523,2.48e-05,0.27,43108,17703183,243,8385,8628,4261
43656,5941,22673,0.00082487,0.25,213963,33678855,1410,25521,26931,80450
21532,81699,7685,0.00491597,0.1,8648262,62792595,16616,92836,109452,65256
78502,53550,4209,0.00182521,0.005,7672885,1126997,2441,61186,63627,12825
76040,67647,3938,0.00491597,0.03,25287662,7992790,1520,179822,181342,67910
52746,85655,17607,0.00296184,0.001,13381693,1508188,9387,388152,397539,17716
33551,40693,5566,0.00056263,0.15,768172,33979735,1643,8319,9962,22765
10196,74267,2633,0.00491597,0.23,3722617,44979958,2027,13846,15873,17689
49426,6097,15053,2.09e-05,0.07,6292,6425280,306,7838,8144,509
21408,4881,21461,2.48e-05,0.25,2595,26192604,1078,13191,14269,1093
116021,65272,6103,0.00019487,0.17,1475750,67731433,15187,49767,64954,91787
148005,37372,12843,0.00082185,0.005,4545945,2399929,3227,207026,210253,24713
24829,62519,4827,2.48e-05,0.0005,38543,150920,1834,3541,5375,23
61892,26952,2968,0.00019487,0.15,325074,12000889,327,3395,3722,12159
4158,4109,17323,0.00182521,0.25,31194,17799399,791,1583,2374,5993
59764,39763,35497,4.34e-06,0.01,10313,14115120,8560,31548,40108,399
27293,80258,9627,0.00015297,0.03,335078,23181169,7883,16167,24050,12758
24795,38814,4461,0.00952101,0.23,9163024,39828337,1935,62205,64140,71725
48298,12577,2688,0.00013363,0.13,81173,4396542,113,1431,1544,2044
47573,2213,6765,4.34e-06,0.17,457,2545962,83,2466,2549,101
58711,11652,140,0.00078778,0.13,538947,213355,24,220,244,567
149468,38376,1576,0.00034241,0.2,1964084,12098256,559,12046,12605,30823
148046,83926,777,0.00047003,0.17,5840172,11098550,622,15767,16389,20953
137432,68145,4678,2.09e-05,0.2,195548,63770140,2344,32143,34487,14367
91500,63341,2880,0.00019487,0.25,1129431,45609561,1922,24704,26626,43172
52550,13393,1428,0.00182521,0.3,1284598,5737912,194,2802,2996,11243
8331,56088,2304,0.00015297,0.03,71484,3878164,1436,1782,3218,421
43479,35,32087,0.00491597,0.13,7496,146291,21,9458,9479,928
28940,38407,2486,0.00082282,0.05,914603,4774476,2013,3838,5851,5733
57286,20033,15377,4.64e-06,0.001,5325,308053,1873,9063,10936,23
13205,21899,26916,0.00952101,0.07,2753440,41261951,10486,102298,112784,71691
97530,10199,4126,0.00078778,0.27,783647,11364111,480,10117,10597,41256
103966,61623,2157,0.00860544,0.2,55133257,26585413,1369,300532,301901,230000
102725,61200,13660,0.00160539,0.01,10092866,8360574,7165,364761,371926,98857
147182,76870,2848,1.65e-05,0.005,186795,1094890,1515,8200,9715,235
75068,35990,7681,0.00182521,0.03,4931191,8293717,3502,70260,73762,59794
39570,109,20417,0.00163948,0.13,7128,291669,26,5795,5821,970
58054,77271,395,0.00019487,0.27,874182,8242281,230,958,1188,3158
71327,88167,21250,0.00034241,0.005,2153343,9368182,10358,103966,114324,21230
105462,93014,1900,0.00108175,0.2,10611547,35355978,1724,56534,58258,62340
125885,94103,2299,0.00082185,0.25,9735815,54097605,1736,94670,96406,90875
26611,68271,16265,0.00082185,0.005,1493119,5552533,6215,46354,52569,10815
126562,23632,2120,0.00018467,0.13,552355,6513911,205,5722,5927,13897
86687,25403,9798,2.48e-05,0.13,54680,32359874,1723,21287,23010,5856
79309,26918,12945,1.65e-05,0.2,35246,69691456,15235,23837,39072,8331
78697,56169,4957,0.00082282,0.1,3637201,27844802,1882,45720,47602,63267
24798,80576,5509,0.00491597,0.01,9823046,4439011,4578,78202,82780,21304
1602,6617,31456,0.02533638,0.15,268742,31225148,7145,10308,17453,11456
24700,56579,17394,0.00370564,0.0005,5178865,492078,5269,131441,136710,2536
14470,34213,35821,0.00019487,0.05,96479,61278448,24107,24505,48612,12620
17684,93519,8665,4.64e-06,0.0005,7673,405204,4070,4632,8702,23
130996,48900,7209,2.48e-05,0.17,159056,59936242,13258,24481,37739,16100
74829,80010,7295,2.48e-05,0.005,148660,2918565,3265,14292,17557,471
52370,819,6541,0.00056263,0.17,24156,911674,38,3307,3345,1552
58116,8495,30520,0.00082282,0.15,406236,38891416,8808,36607,45415,128890
119797,12016,17048,0.00491597,0.27,7076516,55310101,1819,365249,367068,520992
118731,34614,7894,2.48e-05,0.0005,102046,136635,1702,13288,14990,47
10533,60883,7583,0.00491597,0.0005,3152687,230841,2700,32376,35076,703
60937,24655,4930,0.00952101,0.2,14304703,24311593,1161,125956,127117,131925
18257,1665,21943,0.00160539,0.13,48824,4751757,120,5324,5444,10099
35378,76658,113,0.00019487,0.15,528493,1303540,42,277,319,414
87149,68635,20425,0.00018467,0.005,1104616,7009578,7800,64842,72642,11016
6459,93976,2028,4.64e-06,0.13,2816,24781041,1676,825,2501,221
46353,75798,4318,0.00296184,0.17,10406324,55640318,14985,71605,86590,78725
118659,71177,2768,0.00013363,0.25,1128622,49264435,2284,28957,31241,47053
31686,31628,45042,0.00160539,0.005,1608914,7123187,7939,108449,116388,26887
74510,74396,278,0.00041097,0.25,2278138,5174297,88,1226,1314,3501
137842,6183,15572,0.00160539,0.17,1368273,16369118,918,62392,63310,208698
46587,79414,5642,0.00078778,0.03,2914552,13442572,4773,28377,33150,28170
38070,53475,2677,0.00013363,0.23,272050,32935267,1588,3394,4982,8954
59351,5797,6996,0.00491597,0.27,1691498,10951569,236,20385,20621,62814
38827,73589,560,0.00860544,0.27,24588344,11137386,455,20452,20907,24580
10147,32980,2077,2.48e-05,0.2,8309,13704913,633,510,1143,356
6039,47622,7012,0.02533638,0.07,7286947,23377723,7551,68452,76003,31060
69105,3507,11531,0.00860544,0.17,2085810,6875606,138,39661,39799,95297
96851,13715,11653,0.00034241,0.27,454833,43154182,1629,36497,38126,112250
81612,44542,16005,0.00047003,0.001,1708656,712896,3840,57372,61212,1718
26818,40542,9059,0.00163948,0.15,1782568,55096311,12983,22750,35733,49011
64937,13955,3132,0.00296184,0.25,2684082,10928940,163,16047,16210,36024
95846,42809,5257,0.00163948,0.17,6726976,38260469,10092,83109,93201,114105
69456,86986,4650,0.00013363,0.0005,807362,202272,2312,13636,15948,201
114646,87941,12197,0.00160539,0.005,16185914,5363364,8725,579996,588721,79469
125711,9113,3488,0.00163948,0.07,1878402,2225871,301,17064,17365,29541
91367,58771,15677,0.00031941,0.0005,1715169,460708,4656,62316,66972,892
21864,39966,4404,1.65e-05,0.0005,14427,88009,1208,2080,3288,14
127833,29396,7504,0.00019487,0.27,732297,59562429,1809,40220,42029,113612
70934,45928,15600,0.00082282,0.001,2680691,716519,3844,75390,79234,2436
14351,18745,28224,0.00041097,0.1,110560,52906608,12442,30632,43074,19305
44442,34973,3021,4.34e-06,0.01,6745,1056667,974,2517,3491,44
74508,10460,21090,4.64e-06,0.2,3616,44124710,1674,27625,29299,1339
40417,69950,19405,0.01084252,0.05,30654419,67870285,23882,925414,949296,294599
47351,97294,848,0.00370564,0.1,17072200,8251764,837,22753,23590,15819
43641,73360,3546,0.00041097,0.2,1315751,52041672,2020,9303,11323,21913
47206,29823,34400,0.00015297,0.01,215365,10259594,6541,38896,45437,8037
117789,12860,13427,8.43e-05,0.23,127690,39719042,1649,29893,31542,36161
48202,56017,3874,0.00056263,0.15,1519212,32556988,1541,10039,11580,25894
2274,4828,40301,0.00108175,0.005,11882,973047,1382,2429,3811,137
21109,84158,284,0.00182521,0.3,3242611,7188566,104,1438,1542,2469
114673,21428,8165,0.00041097,0.13,1009869,22747506,1645,30441,32086,74793
120046,20209,15291,0.00491597,0.0005,11926590,154515,3405,532931,536336,4441
12544,75523,21583,0.00860544,0.005,8153031,8150334,10290,240519,250809,30599
109062,47990,1682,0.00056263,0.3,2944790,24220431,879,13002,13881,38506
81121,82025,5464,0.00163948,0.03,10909093,13447778,6836,123538,130374,67167
99795,15539,3761,0.00082282,0.23,1276016,13445512,206,13527,13733,50694
93938,48169,1744,1.65e-05,0.27,74707,22687397,362,2384,2746,3352
91236,55004,2714,0.00056263,0.23,2823529,34335519,1359,34306,35665,50988
56596,41126,5160,0.02533638,0.15,58973420,31835352,1483,436001,437484,325401
33801,3597,39203,0.00082487,0.005,100315,705251,1135,16161,17296,1248
81761,29922,4254,0.00952101,0.03,23293142,3818892,277,184125,184402,65293
105715,1428,10206,2.48e-05,0.17,3749,2478126,66,6830,6896,386
91816,29693,23243,0.00082487,0.0005,2248897,345085,3517,110711,114228,1244
2386,24754,10514,0.00860544,0.0005,508432,130147,1664,8564,10228,156
7506,56051,7724,8.43e-05,0.03,35464,12988259,4137,4389,8526,814
85244,52424,19204,0.00013363,0.03,597179,30203481,10331,50002,60333,30586
100273,93832,13051,0.00018467,0.03,1737547,36738253,12637,72004,84641,60088
38545,4265,15337,0.00163948,0.01,269548,654184,532,10378,10910,2681
20069,19576,1948,0.00034241,0.25,134524,9535615,153,1043,1196,2888
59135,41223,4230,0.00047003,0.03,1145819,5231647,2090,11962,14052,10041
95221,85181,9140,1.65e-05,0.07,133914,54504350,13124,34745,47869,7995
101590,33746,5906,0.00491597,0.23,16853781,45848461,2056,283133,285189,279761
99246,27971,9432,0.00015297,0.0005,424663,131925,1648,16485,18133,128
68616,10411,10204,2.09e-05,0.1,14916,10624426,377,8919,9296,1098
90807,5200,23022,0.00015297,0.2,72238,23945680,1112,23087,24199,26584
47208,8543,1170,0.00952101,0.25,3839969,2500183,68,6421,6489,11516
87965,54659,7034,0.00491597,0.01,23636754,3845096,6551,378726,385277,81460
18329,6232,43796,0.00082282,0.15,93997,40943756,9149,27282,36431,48149
17716,16725,11094,1.65e-05,0.25,4892,46390731,1914,1893,3807,1560
109056,38897,85,0.00015297,0.001,648910,3325,12,261,273,15
141389,56661,2337,0.00041097,0.17,3292409,22519960,1308,32786,34094,58349
63489,87808,1154,0.00082282,0.05,4587192,5068982,648,9475,10123,11936
62515,61145,8313,0.00160539,0.01,6136765,5083212,4372,88790,93162,32206
72323,33937,3147,4.64e-06,0.2,11388,21366758,1117,9935,11052,742
4878,16551,11025,0.00041097,0.2,33186,36498940,2044,2806,4850,4211
1365,43038,25018,0.00056263,0.05,33065,53837539,14212,11262,25474,3317
73742,21146,9215,0.00034241,0.25,533959,48718201,2187,29212,31399,70995
20103,54396,32969,0.00082185,0.03,898753,53802161,18228,59213,77441,61381
45241,2511,3519,2.09e-05,0.13,2372,1148903,99,1585,1684,102
56536,34948,10006,4.64e-06,0.13,9168,45461270,2451,23899,26350,1236
36328,55521,29629,0.00034241,0.01,690642,16450907,10328,56388,66716,19150
72780,11679,3419,0.00082185,0.23,698627,9187066,466,7244,7710,28515
40246,26783,49126,0.00082282,0.0005,886932,657880,6293,78613,84906,1238
9784,44256,33036,0.01084252,0.03,4695276,43861994,15645,201464,217109,71093
28788,17217,6105,1.65e-05,0.27,8183,28382988,1121,1752,2873,1493
22814,18351,4391,0.00163948,0.01,686422,805882,405,5508,5913,1889
130565,34747,4239,0.00108175,0.17,4907772,25041191,1448,79463,80911,109517
100140,93591,3420,0.00163948,0.001,15365666,320175,3803,140470,144273,3485
98758,88572,4156,0.00019487,0.05,1704568,18407905,5357,25809,31166,30473
80424,60896,148,0.00163948,0.27,8029454,2438833,48,2618,2666,3963
28495,78842,8717,0.00163948,0.05,3683316,34363775,10351,62987,73338,35982
136137,45908,2509,0.00108175,0.27,6760792,31101000,1213,73791,75004,89883
62996,24314,13471,0.02533638,0.15,38807881,49130715,2343,815480,817823,642539
98472,724,9427,4.34e-06,0.001,309,6831,17,5554,5571,9
23720,1864,5790,0.00952101,0.001,421097,10795,22,3722,3744,79
9848,51976,9508,0.00860544,0.01,4405086,4942105,3834,54415,58249,12917
2202,3984,13211,0.00019487,0.001,1710,52645,98,644,742,15
75369,8539,1254,0.00013363,0.3,86002,3214215,79,1943,2022,2059
65116,19075,3029,0.00082185,0.23,1020847,13292232,207,6952,7159,24576
1232,35121,20835,1.65e-05,0.001,714,731768,3764,2752,6516,27
18596,88925,3701,2.48e-05,0.15,41062,49378185,11158,2944,14102,2465
77355,20974,14228,1.65e-05,0.001,26787,298440,1837,12609,14446,69
78261,33805,1719,0.00370564,0.25,9803900,14531256,599,31611,32210,46051
132031,15339,4518,0.01084252,0.13,21959462,9010134,262,303661,303923,192268
22306,29805,23376,4.34e-06,0.03,2885,20902990,7096,16702,23798,302
19521,1340,954,0.00019487,0.3,5097,383879,27,153,180,99
93045,74501,705,1.65e-05,0.27,114447,14188376,572,1087,1659,1699
70405,723,3629,0.00018467,0.23,9404,603795,31,2217,2248,449
117933,60451,3012,0.00370564,0.23,26418496,41882482,1969,261569,263538,223645
25210,42044,9731,0.00047003,0.07,498201,28641734,7292,22700,29992,25649
136246,39644,4074,0.00370564,0.01,20015861,1615183,262,279271,279533,48791
119405,6067,3794,0.00041097,0.15,297741,3453022,143,6463,6606,12769
1955,6762,6990,0.00019487,0.15,2577,7090453,557,304,861,252
71278,33442,455,0.00019487,0.07,464518,1066898,58,772,830,1064
60668,8961,30375,0.00370564,0.17,2014696,46276576,1950,109850,111800,248021
111041,15879,3573,0.00082185,0.3,1449181,17025037,596,15530,16126,59261
96799,15651,12795,0.00013363,0.03,202457,6007928,2064,17778,19842,7251
58304,19375,8817,0.00296184,0.13,3345875,22208787,1677,58364,60041,93285
120029,75744,2803,4.34e-06,0.0005,39457,106190,1375,5279,6654,17
87249,47593,1804,0.00056263,0.07,2336329,6013434,295,11750,12045,19636
12681,73737,1113,0.00952101,0.23,8903127,18883982,332,13577,13909,17404
57938,92797,4044,0.00082185,0.0005,4418738,187676,2225,30584,32809,617
110673,23404,964,0.02533638,0.3,65629120,6773426,156,141603,141759,160443
95617,8905,17810,0.00031941,0.005,271989,793051,1307,22390,23697,1360
42817,507,7814,0.00491597,0.01,106721,39622,18,4020,4038,320
105275,9092,1404,0.00047003,0.17,449946,2171175,70,2824,2894,7526
15805,47058,2471,8.43e-05,0.15,62692,17444039,1147,1708,2855,2065
18379,13796,3846,0.00082282,0.07,208649,3715182,516,3669,4185,3441
126840,402,8738,0.01084252,0.1,554149,352093,30,16576,16606,26332
70058,3503,3509,0.00047003,0.005,115372,61482,32,3154,3186,192
5483,26978,6100,0.00047003,0.2,69535,32918148,1624,2765,4389,3700
148749,46807,14046,0.00019487,0.03,1356788,19723789,6764,62407,69171,53199
27178,48742,4284,0.00078778,0.2,1043603,41763735,1579,8199,9778,17205
47743,60383,15690,0.00041097,0.0005,1184810,473735,4762,39442,44204,619
110983,95715,1110,0.00019487,0.1,2070060,10631863,372,6109,6481,12682
29062,50129,3460,1.65e-05,0.001,24053,173493,1240,2210,3450,22
83036,43881,104,0.00031941,0.15,1163846,685024,32,351,383,1030
86206,30078,6355,1.65e-05,0.15,42810,28674350,1660,16559,18219,3495
19416,9991,27558,4.64e-06,0.2,900,55069618,12149,3679,15828,603
115133,26635,8741,0.00013363,0.3,409794,69847027,2186,41301,43487,79621
81138,7913,155,0.00047003,0.15,301798,184353,23,238,261,464
93144,17606,11814,0.00031941,0.13,523820,27042322,6319,24232,30551,69412
1002,1738,21978,0.00108175,0.001,1885,38210,59,528,587,14
47407,56360,5606,0.00108175,0.13,2890346,41080023,9788,24663,34451,43670
818,6825,44022,0.00296184,0.05,16554,15023006,4247,3621,7868,1985
100643,64937,16709,0.00047003,0.03,3071901,32552520,11792,135533,147325,122909
83855,38643,920,0.01084252,0.03,35135148,1067702,149,67807,67956,15909
148850,18600,479,0.00952101,0.25,26360410,2230061,50,41195,41245,35461
25107,76433,966,0.00860544,0.005,16514251,369332,118,23488,23606,2505
75593,18971,18466,0.00056263,0.1,806901,35033768,8495,45953,54448,109518
81249,79464,1422,0.00952101,0.07,61471574,7913255,360,179421,179781,62173
107481,8711,15995,0.00952101,0.23,8915018,32049376,1456,376754,378210,471120
104136,82397,5277,0.00082185,0.15,7051935,65230979,18180,96104,114284,128272
10713,96579,16932,1.65e-05,0.01,17083,16353165,10176,8395,18571,352
53880,85303,4081,0.00041097,0.13,1888903,45260545,10659,14515,25174,38893
39295,54726,36060,0.00160539,0.01,3452451,19734764,13066,194892,207958,88599
36893,37461,12437,8.43e-05,0.15,116495,69891241,15781,10584,26365,15984
106221,97883,314,0.00013363,0.001,1389399,30793,47,1498,1545,59
106612,41534,68,0.00015297,0.27,677358,763326,30,211,241,675
34229,614,34351,0.00015297,0.25,3220,5281400,102,8420,8522,1490
123748,43728,3393,0.00082185,0.001,4447335,148372,1534,48448,49982,952
75636,93188,5108,0.00018467,0.07,1301649,33324950,8415,29362,37777,38340
79965,67721,3175,0.00015297,0.27,828394,58067202,1870,30866,32736,30114
67691,27837,1558,0.00078778,0.13,1484486,5640860,182,4068,4250,14257
119803,451,11148,2.48e-05,0.3,1343,1510601,50,7950,8000,421
116755,7237,3140,0.00182521,0.001,1542262,22726,38,12090,12128,228
113584,28584,6111,0.00491597,0.03,15961086,5240830,1420,281050,282470,99153
7894,23097,1632,0.00182521,0.27,332797,10181644,216,1147,1363,2239
69076,22128,4380,0.00019487,0.3,297867,29080145,1019,10241,11260,27859
34262,48721,6984,0.00182521,0.2,3046879,68058957,2673,57424,60097,52210
91791,10508,16808,2.48e-05,0.2,23951,35328450,1837,27025,28862,6621
53656,19156,21972,0.00015297,0.05,157232,21046158,5692,25507,31199,17831
82304,91039,2691,2.48e-05,0.25,186049,61248265,13346,4925,18271,23921
79051,79644,17798,0.00056263,0.001,3542329,1417529,7203,124360,131563,4033
15266,14307,9270,4.64e-06,0.27,1013,35812500,1429,1197,2626,416
86511,24105,15843,0.00082487,0.0005,1720192,190958,2195,57258,59453,724
4832,4160,21106,0.00078778,0.1,15837,8780536,842,1514,2356,1994
20225,17633,5158,0.00078778,0.2,280968,18191142,366,3519,3885,10256
21338,19432,4799,4.64e-06,0.2,1924,18653162,899,950,1849,276
17055,7087,4870,0.00160539,0.23,194073,7939860,194,1731,1925,10252
80338,68086,2560,0.00860544,0.2,47071238,34869308,1800,212181,213981,219325
35103,75798,7064,8.43e-05,0.001,224278,535514,2898,12385,15283,121
70496,45936,19271,2.09e-05,0.0005,67616,442639,4335,23676,28011,73
9914,63011,23906,0.00163948,0.03,1024200,45191197,15538,46377,61915,36642
48165,6140,29156,0.00019487,0.25,57637,44760600,2149,31690,33839,36156
129963,541,11546,0.00031941,0.03,22482,187614,30,10408,10438,424
135965,16992,10196,0.00015297,0.13,353423,22523474,1589,25237,26826,41019
1404,69360,19739,0.00013363,0.03,13013,41073389,13475,6510,19985,852
43659,33119,48908,0.00163948,0.01,2370629,16198144,10419,175288,185707,78562
31828,18914,31136,0.00182521,0.05,1098802,29446276,8487,62462,70949,102119
54057,1868,11043,0.00082185,0.23,83031,4747314,86,6730,6816,13696
125424,46060,5453,0.00108175,0.17,6249442,42699378,1818,121171,122989,151555
85132,12489,14404,0.00078778,0.3,837626,53972688,2193,47124,49317,180487
146687,11975,12120,0.00056263,0.07,988364,10160797,1375,40162,41537,62295
3325,56230,3560,0.00296184,0.23,553791,46047145,2294,4772,7066,4857
85537,5717,7144,0.00182521,0.15,892647,6127718,187,15675,15862,54706
46380,33020,37836,0.00078778,0.001,1206501,1249399,6033,81712,87745,3221
16564,80932,5697,0.00019487,0.15,261250,69167756,15413,8694,24107,10297
149033,42485,611,0.00491597,0.005,31126782,129920,390,66657,67047,5463
18683,80341,1796,0.00013363,0.17,200583,24535548,1529,2508,4037,3562
131504,30331,4908,0.00163948,0.07,6539435,10420844,1471,109072,110543,94308
74642,8352,11984,0.00163948,0.1,1022099,10009475,369,26190,26559,72082
40737,3677,44524,2.48e-05,0.27,3719,44206081,1649,27017,28666,3354
51519,35054,10856,4.64e-06,0.01,8379,3805764,2533,9067,11600,123
78514,25931,6341,0.00082487,0.0005,1679433,82222,1252,22597,23849,316
69965,5853,13059,0.00491597,0.3,2013205,22931883,387,47367,47754,151005
18855,14633,21203,0.00031941,0.001,88135,310286,1905,9857,11762,122
129756,95247,2211,0.00056263,0.1,6953499,21065464,6661,54339,61000,60622
48976,33788,10447,0.00491597,0.1,8134970,35300950,10235,151824,162059,135503
43240,74887,3441,0.00056263,0.2,1821868,51546700,1970,11012,12982,26459
69971,5443,21511,4.64e-06,0.25,1767,29276436,1159,19679,20838,1168
147321,7963,12329,0.00952101,0.3,11170382,29457086,1109,460495,461604,541753
56682,55796,19335,0.00160539,0.03,5077351,32365622,11752,178210,189962,144863
111795,30179,13541,2.09e-05,0.05,70447,20433382,5498,26103,31601,4458
95355,76328,2881,0.00182521,0.05,13284465,10997063,5812,100207,106019,52502
7596,7786,34942,0.00034241,0.001,20253,272073,1681,5703,7384,58
3783,31425,18316,0.01084252,0.0005,1289181,287791,3066,31240,34306,708
120340,64804,1636,0.00019487,0.03,1519723,3181290,1716,6018,7734,5687
135073,36601,2219,4.64e-06,0.2,22939,16250287,272,6206,6478,1014
120910,12312,10947,0.00041097,0.1,611821,13479567,1241,27097,28338,53492
110364,39865,7162,0.00952101,0.005,41889837,1427709,9020,788644,797664,81459
94888,48818,3062,0.00182521,0.13,8454879,19432930,1486,72267,73753,66198
113097,69877,15800,0.00108175,0.03,8549007,33123745,12859,395075,407934,216159
38988,20372,46775,0.00047003,0.05,373338,47646708,13420,59720,73140,78622
105813,15184,10989,0.00041097,0.23,660294,38380328,1589,34556,36145,110589
83609,24189,24226,0.00082185,0.1,1662184,58602919,13728,96826,110554,231952
149330,59258,4100,0.00056263,0.25,4978795,60743632,1934,95227,97161,134113
12456,67133,3,2.09e-05,0.01,17461,2074,8,61,69,1
60794,60167,3135,0.00860544,0.05,31477547,9432298,1557,152526,154083,54122
34649,17254,24,0.00370564,0.01,2215399,4197,8,149,157,56
45569,38314,7532,0.00082185,0.001,1434944,288613,1788,19615,21403,680
57684,35460,6461,0.00108175,0.3,2212754,68734046,1941,47500,49441,60484
136814,8207,14190,2.09e-05,0.1,23445,11646733,325,17722,18047,2385
138636,6363,4458,4.64e-06,0.27,4093,7660356,119,5313,5432,408
53032,52677,9873,0.00082487,0.13,2304366,67616832,3701,63510,67211,83014
11403,2996,26013,4.34e-06,0.27,148,21045549,798,10252,11050,193
74042,36954,5835,0.00031941,0.07,873966,15094274,4195,17894,22089,26452
43539,41411,11449,0.00082185,0.005,1481810,2370792,2918,30963,33881,7040
137613,63865,500,0.00015297,0.27,1344412,8632991,320,2258,2578,8351
101805,57226,18124,0.00082185,0.001,4788087,1037228,5526,219414,224940,7404
136718,3121,9335,2.48e-05,0.1,10595,2913946,122,9041,9163,623
42691,32455,10275,0.00056263,0.05,779562,16674642,4735,22522,27257,29183
73711,24368,4502,0.00056263,0.17,1010621,18653076,1083,16190,17273,43103
80374,9713,7802,0.00031941,0.25,249382,18947981,756,16448,17204,33901
20177,68040,26827,0.00182521,0.0005,2505770,912677,8653,104169,112822,1946
40716,27061,30515,2.09e-05,0.03,23006,24773898,8376,27845,36221,1847
24080,22945,7051,1.65e-05,0.13,9122,21034257,1575,2109,3684,805
88400,58950,18824,0.00019487,0.001,1015526,1109746,5383,53387,58770,1380
42404,35125,3323,0.00078778,0.15,1173370,17510014,1023,6423,7446,22573
98019,67330,33,0.00041097,0.07,2712267,160102,23,285,308,365
2109,51198,21520,0.00015297,0.0005,16521,550916,5313,6928,12241,33
56300,3433,4261,0.00031941,0.23,61748,3365554,67,3003,3070,3836
107041,83301,7242,0.00160539,0.07,14314822,42233263,13508,311121,324629,178119
96844,76389,1846,1.65e-05,0.13,122140,18334996,1336,2974,4310,2769
51064,14097,24018,2.48e-05,0.001,17874,338596,2007,13777,15784,46
119722,39364,780,0.00296184,0.2,13958710,6148551,115,34230,34345,30685
6417,29618,19041,0.00108175,0.03,205625,16919088,5673,12406,18079,11294
35749,38651,4677,0.01084252,0.23,14981947,41584161,1962,100136,102098,109509
97955,48914,21194,0.00370564,0.005,17755499,5183567,8663,903099,911762,126598
138007,16136,14084,2.09e-05,0.3,46498,68181455,1912,43481,45393,14576
91343,69861,8852,0.00013363,0.05,852745,30922588,8855,35280,44135,37776
59022,59327,2411,0.00047003,0.1,1645872,14307023,1370,7150,8520,18128
88444,10744,19829,0.00952101,0.05,9047806,10652769,4926,394831,399757,232761
1827,21271,30602,4.34e-06,0.01,168,6509595,3957,1899,5856,78
73634,13149,27054,0.00160539,0.03,1554402,10672185,3956,80707,84663,90370
49274,16738,36130,0.02533638,0.01,20896544,6047573,7391,1122774,1130165,207544
100503,15027,9655,4.34e-06,0.01,6554,1451041,1061,8298,9359,81
122,19410,7522,8.43e-05,0.15,200,21902015,1325,518,1843,130
85897,29183,22006,0.00370564,0.03,9289125,19266782,7980,441843,449823,236777
117262,73799,10245,0.00296184,0.0005,25631366,378061,7628,791750,799378,7930
123987,18238,4328,4.64e-06,0.0005,10492,39470,352,4718,5070,12
36658,98527,416,8.43e-05,0.03,304440,1230145,99,1075,1174,326
9976,47759,3759,0.01084252,0.03,5165978,5386529,1818,26688,28506,6806
93090,8666,2079,0.00860544,0.13,6942691,2342811,191,34541,34732,34658
73550,28084,11244,0.00018467,0.1,381466,31581110,7438,25753,33191,41387
84927,45109,23706,0.00082282,0.0005,3152241,534687,5454,151293,156747,2170
15043,64156,13828,4.34e-06,0.005,4188,4435922,4882,7456,12338,74
64454,27654,3360,4.34e-06,0.27,7735,25089378,946,11395,12341,718
60298,12375,17569,0.00047003,0.005,350763,1087188,1551,18866,20417,1951
86815,26251,8349,2.48e-05,0.3,56589,65757901,2022,32260,34282,11016
96979,15137,18033,0.00182521,0.13,2679504,35487513,8686,116244,124930,241115
61151,40428,30892,0.00160539,0.05,3968927,62447604,17350,222158,239508,245871
51804,6135,25436,0.00860544,0.23,2735320,35896043,1531,112885,114416,235096
59711,37498,4310,0.00163948,0.2,3670954,32330371,1639,38654,40293,51854
70321,18077,18955,0.00056263,0.001,715233,342663,2061,30821,32882,709
37783,2457,5584,4.64e-06,0.13,430,1784086,71,1951,2022,54
106292,9947,5967,0.00013363,0.17,141290,10091818,193,8469,8662,12952
23343,76927,1887,2.09e-05,0.27,37495,39199902,1477,1382,2859,1734
32186,30212,1945,0.00047003,0.005,457076,293844,103,2339,2442,316
33301,50227,4378,0.00160539,0.1,2685235,21990328,5761,16613,22374,28188
46787,5699,25406,1.65e-05,0.03,4402,4344354,1550,10498,12048,258
137955,77580,1806,0.00108175,0.2,11577643,28026293,1316,86966,88282,76852
12929,14434,15123,0.00182521,0.23,340644,50207662,1800,8566,10366,25127
48759,14393,31758,0.00163948,0.15,1150596,68565823,3148,88277,91425,231026
58928,83519,743,0.00296184,0.13,14577156,8073866,236,17497,17733,15975
78795,5877,7737,2.09e-05,0.1,9669,4547744,404,6263,6667,543
58480,55063,3133,0.00370564,0.3,11932705,51767912,1965,61322,63287,109954
148542,22118,1709,0.00047003,0.3,1544264,11340501,292,9583,9875,33812
401,5700,43164,0.02533638,0.1,58034,24605136,5909,5708,11617,3190
78486,42670,10484,0.01084252,0.15,36312038,67108209,3249,652939,656188,548695
40170,44260,14535,0.00018467,0.0005,328333,321661,3354,19119,22473,151
72282,3389,10131,4.34e-06,0.13,1063,4464154,115,5451,5566,143
105597,20547,17000,0.00082185,0.2,1783219,69862952,15843,80304,96147,246869
38363,2948,21185,0.00860544,0.15,973348,9369239,197,32296,32493,90723
23562,6061,35414,2.48e-05,0.13,3546,27906984,1481,17322,18803,1370
103098,53083,3307,0.00160539,0.3,8785984,52666701,1984,96925,98909,93863
37565,1131,2973,2.48e-05,0.1,1055,336486,30,750,780,40
37050,29964,3859,0.01084252,0.13,12037345,15032212,407,72989,73396,53307
31818,57560,26117,0.00860544,0.0005,15760932,751672,9189,624933,634122,14099
18948,6442,2984,0.00082487,0.01,100697,192300,49,934,983,226
39444,28482,26594,0.00082282,0.01,924394,7574726,5151,47891,53042,21257
19642,19667,7315,0.00296184,0.23,1144203,33090787,1561,10922,12483,25996
132266,92424,13549,0.00018467,0.01,2257528,12523527,7909,96469,104378,26732
75380,8372,12094,0.02533638,0.13,15990509,13164039,335,309315,309650,281204
130085,81322,16178,0.00056263,0.03,5951961,39470563,14383,325755,340138,191722
39847,1754,6556,0.00056263,0.27,39329,3105516,149,2965,3114,4171
94491,15078,9285,4.64e-06,0.01,6611,1400092,1129,8000,9129,90
6106,6483,32942,0.00034241,0.23,13556,49123372,1743,21159,22902,17557
70509,61706,8692,0.00082282,0.13,3580014,69732576,16728,56288,73016,117390
142076,26111,11396,0.00018467,0.2,685100,59519231,2370,49834,52204,124092
91870,11117,14145,0.00860544,0.13,8789187,20444191,1559,302010,303569,275504
86642,14999,19756,0.00860544,0.13,11183501,38524054,2034,479060,481094,420418
85615,13125,11005,0.00163948,0.17,1842318,24555493,1370,51895,53265,134084
135968,15954,4402,0.00031941,0.01,692913,702345,351,11201,11552,2085
57000,3128,4236,2.48e-05,0.03,4427,397518,53,2257,2310,63
43902,22256,19068,0.00491597,0.05,4803545,21220538,6769,148383,155152,124520
123001,89746,6188,2.48e-05,0.001,274096,555378,2915,17424,20339,142
101866,21800,8188,0.01084252,0.3,24078157,53552627,2189,501541,503730,592866
99213,5045,8380,0.00160539,0.05,803605,2114088,120,18134,18254,22823
40158,2274,42995,8.43e-05,0.27,7698,26401916,955,22639,23594,11807
81811,11671,10441,4.34e-06,0.3,4143,36558341,1337,17916,19253,1105
59625,34762,25100,0.00082185,0.001,1703472,872551,4624,75039,79663,3065
9956,707,25665,0.00082282,0.03,5794,544628,55,2519,2574,204
11474,67752,2775,0.00370564,0.03,2880743,5641622,1655,12349,14004,5274
21572,2895,37075,0.00047003,0.23,29360,24691866,1189,16258,17447,20858
5365,30191,3792,0.00160539,0.3,260079,34353096,1345,2658,4003,3974
86541,21127,1814,0.00296184,0.23,5415506,8815955,145,21593,21738,37596
142565,91660,207,1.65e-05,0.27,215746,5140617,80,559,639,1046
92978,25901,3744,0.00056263,0.13,1354944,12607000,946,14025,14971,36615
39977,41746,4935,0.00952101,0.005,15889777,1030255,3955,120215,124170,16604
22756,78109,1147,0.00296184,0.005,5264769,448111,157,9572,9729,1630
44262,14379,24704,0.00056263,0.0005,358093,177616,2089,22287,24376,215
79278,75527,6814,0.00041097,0.1,2460762,51465318,12534,53812,66346,84927
116562,94774,3845,0.00041097,0.15,4540048,54662673,13187,49861,63048,90680
46110,3764,10626,0.00078778,0.3,136748,12001328,285,7736,8021,26983
28647,87883,10842,0.00160539,0.001,4041859,952870,5058,71770,76828,2854
99916,35305,9549,0.00952101,0.15,33586316,50571209,2397,810540,812937,557193
91939,4322,8525,0.00082185,0.2,326594,7369718,462,11403,11865,36626
122871,4621,2077,0.00952101,0.07,5406900,672044,47,36380,36427,30937
18119,32641,3296,0.00082282,0.25,486669,26901481,1095,3242,4337,7513
82643,5011,12119,4.34e-06,0.17,1797,10326079,276,8502,8778,505
9210,20975,27240,4.34e-06,0.005,838,2856904,3123,5321,8444,61
653,61363,381,0.00047003,0.17,18860,3983891,155,212,367,96
76244,65618,5412,0.00018467,0.13,923904,46166594,10641,12556,23197,47839
4803,52527,6823,0.00860544,0.07,2171101,25088807,6763,20340,27103,10982
103582,19453,13763,0.00047003,0.01,947148,2677465,1878,34280,36158,10488
102475,29527,452,0.00031941,0.27,966493,3610397,65,1106,1171,4873
59561,33972,8466,0.02533638,0.2,51265861,57527795,2289,683785,686074,637815
67245,11530,23648,0.00082487,0.2,639570,54534675,11976,42841,54817,173626
105305,27101,13298,0.00296184,0.1,8452833,36040588,10211,310348,320559,261154
83945,1242,5314,0.00019487,0.03,20332,198172,31,3711,3742,235
39262,34743,24172,2.09e-05,0.005,28482,4199203,4622,18747,23369,284
18973,6001,35298,0.00163948,0.27,186688,57197967,1832,33364,35196,67939
69464,69436,1866,0.00163948,0.0005,7907812,64802,241,26527,26768,469
36925,23140,29757,0.00034241,0.005,292572,3442931,3859,28349,32208,2875
70830,63687,535,8.43e-05,0.3,380231,10222208,267,970,1237,3392
21229,538,23596,0.00013363,0.005,1527,63543,33,3829,3862,18
145019,52461,922,0.00296184,0.23,22533573,11128250,234,74984,75218,60388
120304,40305,3610,0.00047003,0.0005,2279133,72766,1203,22463,23666,269
88261,7237,4284,0.00082487,0.23,526945,7132804,140,8132,8272,30925
92956,66994,5871,1.65e-05,0.005,102817,1966844,2246,11316,13562,264
64433,13274,13612,0.00047003,0.3,402030,54210345,2212,30183,32395,84494
67288,85107,1419,0.00163948,0.13,9388911,15701619,1197,23563,24760,25265
62363,8131,27588,1.65e-05,0.27,8372,60570258,1804,33456,35260,5195
118247,32779,1259,0.00034241,0.2,1327202,8253805,278,3873,4151,18999
9913,57878,4856,0.00163948,0.15,940721,42167024,18157,8270,26427,9555
124178,25379,6314,2.48e-05,0.15,78252,24039543,1554,17434,18988,5415
111497,45818,5490,0.00047003,0.25,2401219,62887215,1970,56261,58231,105438
47691,12541,205,4.64e-06,0.2,2775,515365,30,121,151,30
124938,4995,404,0.00491597,0.25,3068450,505801,28,3187,3215,7079
75888,8639,26611,0.00034241,0.15,224489,34484885,1641,36785,38426,71101
37378,402,46500,4.64e-06,0.13,69,2435620,87,9912,9999,55
94786,7208,11892,0.00108175,0.3,739094,25717060,935,32097,33032,125967
11214,36208,25882,2.48e-05,0.01,10082,9371688,5887,7562,13449,269
143065,48033,1782,0.00108175,0.03,7433769,2568394,195,51599,51794,25056
109468,27657,8278,0.00952101,0.2,28825598,45793669,1734,654581,656315,542167
5554,46206,1822,0.01084252,0.03,2782911,2526819,1692,6588,8280,2224
45541,6018,595,0.00078778,0.15,215925,537848,31,368,399,1061
37160,28980,8874,0.02533638,0.2,27285153,51434252,2087,382811,384898,327542
106674,68393,16165,0.00018467,0.05,1347321,55281394,15184,77729,92913,108671
29663,17842,34238,2.48e-05,0.001,13141,610913,3140,14611,17751,50
114102,10003,1121,4.64e-06,0.25,5296,2805360,57,1489,1546,148
134295,12148,6254,0.00370564,0.07,6045750,5318758,247,121900,122147,104645
60647,37088,1922,0.00952101,0.07,21415809,4991365,207,67355,67562,34449
149041,70397,1237,8.43e-05,0.27,884381,23525377,934,3581,4515,16782
112740,19250,13288,8.43e-05,0.03,182934,7674115,2647,20977,23624,8370
147078,7851,943,0.00370564,0.3,4279198,2221240,63,15229,15292,26938
23557,8963,26529,0.00041097,0.2,86782,47559579,10731,18622,29353,37382
59813,13687,4343,0.00082282,0.15,673627,8917505,572,7608,8180,23034
22798,64974,6560,0.01084252,0.13,16061160,55417954,16349,151336,167685,105872
115481,25746,15207,2.48e-05,0.01,73824,3915363,2604,23157,25761,1021
28693,42503,18991,0.00082282,0.0005,1003493,403609,4093,35568,39661,508
17718,58381,25879,0.00015297,0.0005,158238,755437,7032,29141,36173,142
58755,51857,27364,0.00296184,0.01,9024387,14190374,10891,407323,418214,135318
37226,90982,7959,8.43e-05,0.005,285486,3621034,4017,17886,21903,886
50470,80577,9465,0.00019487,0.001,792506,762724,3895,22979,26874,632
30927,14951,21960,0.00019487,0.03,90107,9850074,3259,15241,18500,4173
22367,14749,563,0.00078778,0.17,259902,1413796,99,372,471,1180
10989,50321,38931,0.00370564,0.0005,2049349,979550,9295,115313,124608,2228
109173,72887,17344,0.00491597,0.01,39118156,12642133,14806,1854467,1869273,259774
147207,7209,4744,0.00078778,0.15,836046,5130893,127,13468,13595,40033
4775,12413,29093,0.00160539,0.05,95171,18057496,4751,7860,12611,7893
53586,21249,39581,0.00034241,0.005,389901,4205466,4684,45704,50388,7278
110232,84037,7524,0.00047003,0.01,4354207,6323387,4283,93198,97481,26060
52996,89484,21233,0.00078778,0.001,3735936,1900092,9320,138628,147948,5365
9801,15180,4932,0.00160539,0.13,238863,9734657,728,2290,3018,4819
114681,99172,2090,0.00082185,0.13,9347132,26957730,1414,70753,72167,62269
15074,42028,29970,4.64e-06,0.03,2939,37789020,12580,8226,20806,445
18656,39527,10327,0.00491597,0.03,3625376,12246297,4615,50743,55358,29965
23106,14221,10906,0.01084252,0.03,3562774,4653216,2320,52370,54690,28573
64697,15313,4392,0.00952101,0.07,9432835,4708780,220,68694,68914,50037
46664,57734,22195,0.00013363,0.0005,360017,640716,6125,35821,41946,238
42011,17201,7878,0.00056263,0.3,406602,40658580,1388,21001,22389,44434
124055,10834,988,0.00860544,0.001,11566592,10707,22,32991,33013,488
77547,5364,3061,0.00018467,0.0005,76823,8212,28,2802,2830,16
135843,22066,339,4.64e-06,0.03,13908,224701,34,294,328,30
102554,24985,1621,0.00491597,0.01,12596478,405131,98,53127,53225,11634
144598,72139,8363,0.00491597,0.05,51279954,30166384,28253,1556217,1584470,369944
48483,10474,21456,0.00056263,0.27,285734,60683875,1785,36112,37897,112278
76580,99678,10446,0.00015297,0.005,1167692,5206222,5767,36997,42764,5098
62959,17337,25969,0.00163948,0.005,1789632,2251266,2755,76967,79722,17111
70976,23333,9104,8.43e-05,0.23,139595,48861358,10767,7494,18261,20738
95744,68794,15166,0.00160539,0.001,10574178,1043390,6288,383957,390245,10239
91775,53017,11971,8.43e-05,0.001,410135,634686,3401,24732,28133,410
18337,67777,30925,0.00108175,0.001,1344487,2096037,9795,77058,86853,2804
18069,8672,28904,0.00013363,0.2,20941,50133544,1946,27895,29841,19787
8351,16227,2749,4.34e-06,0.3,588,13384038,188,309,497,125
54412,59495,6156,0.00018467,0.13,597832,47617838,10715,11251,21966,27733
15470,75635,1133,0.00031941,0.005,373743,428835,406,1808,2214,178
50506,43853,4497,0.00047003,0.15,1041074,29584862,1922,20184,22106,32844
12511,9534,218,0.00370564,0.2,442072,417278,28,228,256,350
51601,6661,39216,0.00296184,0.2,1018108,52247827,2064,86570,88634,278111
112544,4288,15481,2.48e-05,0.13,11984,8631463,244,14444,14688,1641
15872,5266,16465,0.00078778,0.2,65856,17343368,885,6951,7836,12796
26869,78085,12967,0.00082185,0.001,1724312,1012549,5179,41099,46278,1458
103094,3795,4736,0.00041097,0.01,160807,179774,46,5669,5715,589
126796,17502,504,1.65e-05,0.3,36640,2647635,53,509,562,434
6312,72561,6398,0.00082487,0.005,377851,2321330,2595,9207,11802,831
54015,11327,9316,0.00078778,0.05,482006,5276387,317,12028,12345,15625
36992,29651,21152,0.00078778,0.05,864120,31360765,9201,44907,54108,66645
62222,59948,419,0.00952101,0.03,35514661,754069,69,24161,24230,5816
149184,32802,10969,2.09e-05,0.1,102179,35983818,8535,31935,40470,9565
17341,34082,5137,0.00018467,0.25,109149,43770615,2035,3604,5639,7416
75980,42917,24266,0.00182521,0.0005,5951782,520723,5532,251011,256543,3819
148767,20291,8074,0.00018467,0.2,557472,32769080,1661,28478,30139,75602
22426,93374,5809,0.00041097,0.07,860605,37972171,9500,13120,22620,14842
5444,82648,16541,8.43e-05,0.01,37928,13671559,8489,9791,18280,620
68317,23593,11756,0.00860544,0.01,13870837,2773749,4165,268430,272595,82404
1248,1945,7883,0.00370564,0.0005,8995,7667,77,258,335,9
21028,28039,7084,4.34e-06,0.17,2559,33771873,1775,1574,3349,432
115133,52431,12910,4.34e-06,0.1,26199,67692260,16061,42136,58197,3784
123259,6608,17338,0.00019487,0.15,158741,17188163,1124,26968,28092,36501
14531,14253,16354,8.43e-05,0.1,17457,23310347,5578,3722,9300,2222
65950,89712,2369,8.43e-05,0.23,498705,48901275,1499,5261,6760,14231
93450,63663,14878,0.00018467,0.005,1098679,4736074,5253,49483,54736,8091
112194,22234,17069,1.65e-05,0.17,41184,64518913,2720,43265,45985,25104
42747,25943,7238,0.00034241,0.17,379749,31926826,1655,18248,19903,24433
51066,53986,8453,0.00019487,0.005,537230,2281808,2610,15996,18606,1692
119484,26370,3621,0.00082185,0.1,2589577,9550231,357,26397,26754,47844
20687,66742,4914,0.00031941,0.001,441029,327987,2002,7789,9791,188
42095,753,6083,0.00019487,0.1,6182,458528,35,2328,2363,234
100288,89204,1783,0.00108175,0.25,9677488,39776332,1797,46216,48013,61235
113232,58449,2422,0.00108175,0.001,7159389,141572,235,52667,52902,1064
46402,25898,38804,8.43e-05,0.001,101298,1005002,4878,34471,39349,250
27923,24348,15000,0.00296184,0.17,2013727,62090802,14144,40797,54941,88059
14011,90866,10797,0.00019487,0.05,248109,49054756,13717,16702,30419,19471
11010,426,40636,0.00041097,0.17,1930,2946649,127,3687,3814,740
108251,6926,14586,0.00182521,0.13,1368620,13135350,409,47622,48031,146086
87572,1293,9132,2.09e-05,0.27,2365,3189980,62,5434,5496,368
125703,12871,11249,0.00952101,0.005,15404375,723951,208,505674,505882,57790
146738,11724,14562,0.00031941,0.07,549516,11951611,1638,34663,36301,44409
146719,98366,3884,0.00041097,0.001,5931197,382096,2500,85737,88237,1615
19813,18748,3922,0.00019487,0.0005,72389,36773,337,1944,2281,21
37405,13971,26057,0.00018467,0.17,96513,61891574,13651,25620,39271,38840
16269,21615,43735,0.00082487,0.001,290089,945380,4685,30431,35116,677
76448,44791,6863,0.00019487,0.03,667286,9223264,3151,17383,20534,14928
108507,50111,1630,0.01084252,0.005,58955505,408583,151,255111,255262,16835
68265,10896,15526,0.00860544,0.27,6401041,45679175,1822,183787,185609,318044
56663,33460,17843,0.00082487,0.001,1563938,597060,3160,48833,51993,1971
145956,36391,3553,0.00182521,0.23,9694647,29743038,1257,148969,150226,159210
72696,9829,14588,0.00018467,0.3,131957,43018224,1672,27338,29010,44632
9288,91938,1579,4.64e-06,0.0005,3962,72615,649,678,1327,12
48358,54234,5866,0.00018467,0.07,484326,22272010,5595,17563,23158,18804
128235,27404,2285,2.48e-05,0.17,87258,10648390,645,5214,5859,2406
87793,9394,6423,0.00013363,0.01,110216,603499,118,6956,7074,548
12130,58622,3977,0.00182521,0.27,1297932,62955991,1758,8287,10045,13624
103382,98000,1333,0.00108175,0.2,10959855,26142753,1306,40011,41317,37936
64201,35581,5780,0.00860544,0.23,19658246,47306600,1626,201385,203011,235667
32405,4776,42173,0.00031941,0.15,49438,30215362,1388,23872,25260,19461
40858,17665,476,8.43e-05,0.13,60839,1095272,42,352,394,285
74938,69334,1053,0.00370564,0.05,19253858,3651326,187,40809,40996,16807
77825,66549,980,0.00019487,0.0005,1009268,32633,93,2618,2711,64
71615,65776,1461,0.00082185,0.17,3871417,16344669,299,10355,10654,19095
75551,39919,8909,0.00015297,0.07,461353,24894963,6140,22424,28564,26181
47722,39521,4263,0.00082282,0.27,1551878,45490136,1870,32753,34623,45410
51313,23983,35195,0.00082487,0.005,1015132,4220503,4748,64576,69324,12398
132661,14249,1356,0.00018467,0.27,349086,5218227,89,3485,3574,10543
40244,26014,41080,0.00082185,0.005,860421,5343465,6013,66380,72393,12573
82304,64559,1869,4.34e-06,0.0005,23060,60337,552,2893,3445,14
140601,39082,2839,0.00041097,0.3,2258310,33288403,1330,30756,32086,67313
112329,12906,12693,0.00018467,0.1,267737,16383445,1507,22812,24319,25626
19339,4842,2565,0.00034241,0.03,32070,372676,52,487,539,166
38694,1087,33880,0.00015297,0.3,6435,11051388,235,11048,11283,3685
119452,19854,13858,0.00018467,0.2,437975,55029829,12233,34513,46746,116794
18231,41495,451,0.00019487,0.005,147425,93679,41,460,501,44
139169,50831,2641,4.64e-06,0.001,32824,134287,604,4727,5331,22
30394,9998,9099,0.00019487,0.15,59219,13646934,832,6226,7058,5371
57,36503,19800,4.34e-06,0.001,9,722784,3735,1734,5469,27
20872,8211,27058,0.00047003,0.001,80558,222185,1500,9796,11296,112
117166,9557,9860,0.00296184,0.001,3316667,94243,1183,84615,85798,1453
60896,81447,25637,0.00031941,0.001,1584216,2088138,9894,90644,100538,3033
83501,85018,18926,4.34e-06,0.03,30810,48273885,16326,43633,59959,1872
49088,15649,6396,0.00296184,0.1,2275280,10009586,287,24374,24661,42947
122419,92715,6240,8.43e-05,0.03,956704,17356406,5952,28257,34209,18609
62435,52470,3535,0.00047003,0.27,1539833,50092870,2129,28577,30706,34548
16901,698,13527,0.00082487,0.13,9736,1228180,46,2247,2293,996
98424,59478,6192,0.00013363,0.01,782296,3682991,2538,17822,20360,4141
46684,428,14490,8.43e-05,0.25,1686,1552222,42,4590,4632,370
100613,36669,10508,0.00491597,0.15,18136918,57798017,16818,496478,513296,332048
105550,17192,16915,0.00015297,0.005,277594,1454130,1856,23973,25829,1524
144700,89168,14675,0.00491597,0.01,63429368,13085712,18831,3236568,3255399,332710
15414,10338,42366,0.00182521,0.0005,290856,218999,2456,22923,25379,276
59204,63080,15980,0.00018467,0.03,689670,30241974,10212,44138,54350,29536
102485,4494,1166,0.00108175,0.05,498261,262042,32,1959,1991,1779
23836,25996,29699,0.00082185,0.001,509257,772070,3986,31264,35250,887
118373,96996,3237,0.00041097,0.17,4718667,53386801,2261,64861,67122,69745
37664,20822,5077,0.00952101,0.01,7467040,1057257,176,57713,57889,18162
86538,58068,7002,4.34e-06,0.05,21809,20332091,5495,15080,20575,786
146452,49337,7831,0.00034241,0.13,2474141,50231793,11986,76759,88745,161303
89527,10395,7012,2.48e-05,0.25,23108,18224705,332,9426,9758,2952
16929,71763,4724,0.00056263,0.2,683540,67807137,15037,8175,23212,11746
80021,15835,22821,0.00296184,0.15,3753302,54210143,13185,175063,188248,319068
83238,8971,24383,0.00082487,0.27,615968,59061003,1963,61240,63203,226504
100241,35525,6762,0.00296184,0.17,10547434,40842366,1753,195864,197617,179293
88362,22785,14320,0.00019487,0.001,392352,326293,2026,21696,23722,368
25763,20047,13361,0.00056263,0.001,290596,267865,1698,10500,12198,217
76809,12040,15667,8.43e-05,0.1,77955,18865079,1802,19522,21324,9206
33061,64314,10818,8.43e-05,0.07,179229,48706445,11898,36951,48849,10901
89902,92636,2859,0.00078778,0.13,6560829,34430489,9375,43137,52512,67619
35285,10091,28400,0.00082282,0.13,292990,37258152,8390,26100,34490,78519
41513,19863,3145,0.00082185,0.3,677708,18746256,311,3952,4263,15301
34302,29462,17514,4.34e-06,0.13,4386,67083786,14978,6202,21180,1500
24703,31875,5685,0.00013363,0.23,105224,41684802,1899,4031,5930,8739
28864,60105,3188,0.00019487,0.0005,338078,95835,1370,4687,6057,59
132843,56877,4933,0.00082282,0.005,6217070,1403102,2594,105335,107929,14745
106163,27250,2196,2.09e-05,0.25,60405,14963431,221,5830,6051,2746
77974,62889,4033,4.34e-06,0.03,21282,7609767,2549,7364,9913,285
110042,37929,4045,0.00015297,0.05,638476,7671463,1293,12394,13687,12889
137609,32109,6567,0.00078778,0.3,3480824,63264718,1820,92450,94270,169704
22398,6240,49264,0.00082185,0.005,114884,1537271,1891,18105,19996,1876
95992,13413,18845,0.00047003,0.17,605217,42973321,1892,50236,52128,140711
45069,4193,24995,0.00041097,0.13,77682,13628196,361,14790,15151,18829
34327,44692,198,0.00018467,0.25,283315,2218303,49,289,338,673
29404,31345,1469,0.00047003,0.2,433219,9215265,216,1465,1681,4867
14111,5473,17946,0.00108175,0.3,83549,29467999,1173,14205,15378,20674
9634,44411,5582,0.02533638,0.2,10841084,49585352,13562,79694,93256,83859
26480,34946,4680,0.00163948,0.17,1517152,27806926,1531,9909,11440,17715
69752,85063,9259,0.00078778,0.05,4674240,39381814,11970,78423,90393,95743
115408,19617,3765,0.00082185,0.15,1860650,11079231,228,19162,19390,49352
88449,58724,10523,0.00047003,0.05,2441423,30899587,8669,67277,75946,93472
95100,77850,2541,0.00041097,0.23,3042676,45514835,2220,35065,37285,53720
142280,13851,13476,0.00370564,0.25,7302862,46665978,2032,365724,367756,445644
45321,51775,12655,0.02533638,0.01,59453366,6552221,13958,1103701,1117659,107567
89669,14198,12547,0.00082282,0.001,1047617,178157,1286,31153,32439,685
2820,49272,43120,0.00082487,0.01,114638,21246442,13507,33516,47023,3488
147849,75815,10972,2.48e-05,0.07,278324,58233274,14475,50637,65112,19195
134616,5988,395,0.01084252,0.27,8740851,639385,30,10348,10378,12436
60772,78330,3715,0.00047003,0.13,2237520,37837773,9157,16822,25979,37815
40231,25892,47344,0.00082185,0.05,856098,61292839,17911,97546,115457,164800
62637,29440,16382,0.00160539,0.01,2960435,4822927,3722,86111,89833,35726
106020,21986,35,0.00163948,0.0005,3821663,391,9,425,434,14
108432,11645,6793,0.00019487,0.25,246075,19777879,328,12309,12637,33315
109924,38202,5876,0.00019487,0.15,818332,33672996,1615,27285,28900,53299
121142,17406,1062,0.00952101,0.17,20076451,3145340,75,60292,60367,45925
41003,87505,2949,0.00031941,0.001,1146049,258058,1657,7742,9399,254
53859,64468,7793,0.00078778,0.0005,2735351,251215,2869,40459,43328,729
72259,61661,7481,0.00082185,0.13,3661854,59967886,14375,48264,62639,117859
100126,48822,1350,0.01084252,0.005,53002128,329711,124,172916,173040,12699
100336,10247,12262,0.00082185,0.13,845004,16335662,1170,32353,33523,89785
43165,32418,1982,0.00370564,0.27,5185497,17355793,565,16611,17176,27549
78093,55075,8058,0.01084252,0.15,46634158,66574409,3762,661564,665326,526613
20534,5718,42761,0.00019487,0.001,22882,244528,1650,10520,12170,70
24804,47776,26284,0.00182521,0.0005,2163056,627891,5937,82094,88031,1644
2685,83420,15501,0.00163948,0.005,367300,6465820,6940,24845,31785,1894
40235,16219,1278,0.00047003,0.3,306736,6220899,98,957,1055,4794
52968,89955,361,0.00108175,0.2,5154379,6496183,118,3215,3333,5393
9089,1669,1614,0.00163948,0.3,24885,808908,31,178,209,619
120873,325,6323,4.34e-06,0.05,170,103037,21,4555,4576,15
81584,51961,4373,0.00160539,0.23,6805636,52268360,1759,83544,85303,111110
47518,20449,40367,0.00491597,0.001,4776995,825491,4562,288705,293267,10779
107253,2283,4766,2.48e-05,0.1,6080,1088228,49,3830,3879,204
34231,14870,23278,0.00031941,0.0005,162590,173081,2021,15501,17522,104
10078,92136,18515,4.64e-06,0.005,4308,8529883,9039,8107,17146,101
112391,5442,9686,8.43e-05,0.23,51556,12124677,273,11379,11652,11566
41697,44362,20373,4.34e-06,0.05,8028,45191155,12002,26827,38829,947
9244,41300,24556,0.00041097,0.005,156905,5071095,5464,21105,26569,1387
51439,56635,19514,0.00015297,0.0005,445645,552620,5450,34006,39456,268
15283,68140,28533,4.64e-06,0.0005,4832,972131,8914,13347,22261,35
25036,85515,11825,0.00034241,0.03,733108,30337863,10326,24576,34902,16191
60648,43380,251,0.00015297,0.15,402453,1638661,119,389,508,1000
100167,60572,5758,0.00041097,0.2,2493489,69761003,2768,60511,63279,99801
33047,17905,8258,0.00860544,0.001,5092216,147869,1634,60892,62526,1844
23286,11985,3017,0.00860544,0.27,2401742,9763781,429,8630,9059,17077
22106,53551,9451,0.00015297,0.1,181092,50614221,11866,10565,22431,22786
32418,28254,29437,0.00082185,0.01,752774,8317392,5327,43744,49071,16730
106549,23951,4413,0.00047003,0.07,1199520,7399721,292,15065,15357,28445
14340,37295,22479,0.00018467,0.005,98767,4191890,4628,17623,22251,717
62854,25915,7364,0.00013363,0.001,217670,190856,1355,8714,10069,112
21524,2973,47185,0.00952101,0.27,609417,37884870,1541,47607,49148,138403
11152,745,29589,2.48e-05,0.1,206,2205540,99,2628,2727,62
111981,4814,7238,0.00034241,0.23,184600,8014813,132,9703,9835,22575
72160,50606,5963,1.65e-05,0.23,60291,69417708,2535,31556,34091,7597
57026,5845,20610,0.02533638,0.005,8445476,602355,183,259531,259714,44907
96185,16044,3942,0.02533638,0.2,39100624,12652555,218,330494,330712,283702
73853,59179,2394,4.34e-06,0.15,18968,21254142,1403,2062,3465,756
99114,30819,9747,0.00047003,0.13,1435778,39055336,9440,49509,58949,113753
64647,28560,2173,0.00015297,0.25,282438,15521355,635,2196,2831,9067
22071,2296,4952,0.00491597,0.27,249137,3070563,100,2920,3020,11187
74396,13149,27576,0.00082487,0.0005,806926,181302,2141,48561,50702,472
16538,18705,22326,2.48e-05,0.001,7681,417636,2293,5894,8187,31
115891,12479,6178,0.00019487,0.13,281825,10023210,228,10708,10936,17528
9859,12,13427,4.64e-06,0.2,0,32647,13,756,769,10
62329,80902,26488,0.00034241,0.01,1726624,21430092,14114,110887,125001,44818
48208,31115,19815,4.34e-06,0.001,6510,616582,3231,12367,15598,36
83872,79549,15943,4.64e-06,0.03,30958,38049497,12600,33932,46532,1514
11164,75084,27281,0.00108175,0.0005,906782,1024204,9289,60393,69682,895
121924,32659,2497,0.00078778,0.07,3136947,5710496,495,24589,25084,30504
20947,2350,48998,0.00182521,0.23,89851,26484328,1181,22604,23785,63567
115315,21509,8707,0.00082282,0.03,2040954,5619077,2350,49395,51745,39720
14988,11170,14155,0.00015297,0.3,25611,47434080,2005,25276,27281,17816
125395,67952,8623,2.48e-05,0.005,211576,2929901,3287,21927,25214,705
86961,60287,3099,0.00163948,0.15,8595337,28028418,1817,71594,73411,67462
33014,15348,25134,8.43e-05,0.1,42710,38576084,9018,26265,35283,8161
44507,79668,7391,0.00056263,0.01,1994986,5889021,4228,30646,34874,13574
66286,60115,21187,0.00041097,0.01,1637649,12737287,8075,71889,79964,29837
4476,84053,13147,0.00034241,0.03,128825,33153614,11508,14475,25983,3860
88572,26455,8523,0.02533638,0.05,59369899,11275367,1474,961026,962500,310960
17566,2079,3115,4.64e-06,0.23,169,1490250,56,233,289,47
41674,75027,6344,0.00160539,0.07,5019641,33320412,15766,59855,75621,52410
81900,86437,11023,0.00182521,0.03,12921133,28585405,12426,296844,309270,146689
20072,30276,10461,0.00041097,0.001,249760,316737,1921,9130,11051,181
53417,37184,2407,2.48e-05,0.3,49319,26861164,1015,1809,2824,2773
29419,15454,19258,0.00160539,0.005,729880,1488111,1782,23218,25000,4403
91599,43031,10327,2.48e-05,0.1,97871,44442879,10305,30883,41188,21103
79937,57917,7153,0.00018467,0.07,854988,29001613,7309,27416,34725,35505
943,4905,31098,0.01084252,0.3,50200,45762087,1735,3589,5324,5465
35767,12042,27119,0.00082282,0.005,354414,1632908,1951,22193,24144,3050
60673,87576,5157,2.48e-05,0.15,131936,67747566,14991,7334,22325,23982
27813,19015,22846,0.00056263,0.001,297559,434425,2435,17777,20212,397
75469,91049,1081,1.65e-05,0.0005,113447,49246,442,2558,3000,17
2025,41300,12075,0.00013363,0.03,11177,14961777,4979,2988,7967,423
2610,6544,1332,0.00019487,0.27,3328,2354847,51,126,177,118
34871,78138,22239,2.48e-05,0.0005,67656,868880,7987,26960,34947,82
82533,41890,3498,0.00082185,0.005,2841436,732842,1338,21404,22742,3578
90188,23458,5453,8.43e-05,0.25,178328,31982207,1337,17241,18578,16395
491,54550,4252,0.00182521,0.17,48979,39434564,8764,2593,11357,1160
65571,44543,6915,0.00160539,0.2,4689060,61606367,2240,77241,79481,111012
130470,53709,13005,2.48e-05,0.05,173997,34927173,9719,38231,47950,9640
89297,73623,186,0.00108175,0.03,7111911,410939,45,3199,3244,1822
69925,45757,25144,0.00952101,0.0005,30463488,575279,10296,1244303,1254599,25597
83227,46182,1163,0.00108175,0.05,4157838,2686924,165,12711,12876,11451
40911,16610,6535,0.00018467,0.2,125491,21710083,1196,14517,15713,15777
69381,8913,17731,0.00296184,0.2,1831765,31611153,1566,64586,66152,163868
139568,66071,6510,0.00078778,0.05,7264447,21508789,7615,176823,184438,126555
44359,5405,39676,0.00013363,0.13,32043,27882409,6347,22096,28443,17773
79810,14962,7321,2.09e-05,0.13,24934,14240738,381,9006,9387,1885
64911,33712,3134,0.00041097,0.07,899334,7396708,353,8136,8489,15497
80041,66374,3602,0.00056263,0.1,2989100,23912231,6244,32543,38787,48087
10735,11997,42152,0.00078778,0.05,101468,25286215,6869,22211,29080,13638
131772,329,5496,0.00018467,0.25,8026,453254,29,4935,4964,629
40134,13595,6425,2.48e-05,0.005,13548,436766,426,3526,3952,53
140000,46501,3148,0.00015297,0.01,995879,1464115,1183,11358,12541,2571
131910,55678,14962,0.00163948,0.0005,12041261,416554,5729,603738,609467,8319
2653,29526,4482,0.00082185,0.15,64389,19853992,1237,2235,3472,1550
98757,79878,46,2.48e-05,0.01,195874,36755,38,178,216,21
39685,18131,36036,0.00182521,0.05,1313355,32670331,9222,82751,91973,125653
27129,15941,9368,0.00952101,0.17,4117696,25390097,1374,63451,64825,71336
92415,61420,11901,8.43e-05,0.03,478447,21929349,7560,33766,41326,14804
39378,8496,18632,0.00163948,0.13,548570,20581913,1409,28053,29462,70593
121570,11369,15137,0.00013363,0.25,184697,43024415,1773,33536,35309,61833
15671,4297,21488,0.00296184,0.1,199497,9235418,324,9770,10094,22056
65310,69547,1915,2.09e-05,0.05,94840,6660472,2066,2416,4482,835
36388,95627,7364,0.00491597,0.005,17106416,3521282,6748,199057,205805,29468
63647,9030,27583,0.00047003,0.15,270165,37364510,1838,38107,39945,86152
44851,46911,44921,0.00082487,0.03,1735569,63220060,21215,148659,169874,173791
24388,19059,28016,0.00034241,0.005,159163,2669929,2840,17692,20532,1396
145099,97659,824,0.00047003,0.23,6660478,18530261,862,20521,21383,33715
55458,1869,21986,0.00056263,0.13,58326,5342957,129,11847,11976,12262
72187,58271,12865,2.48e-05,0.0005,104446,374845,3796,19492,23288,65
59527,19989,26123,4.34e-06,0.001,5164,522188,2798,15173,17971,31
110571,261,12311,0.00018467,0.2,5347,644870,32,8557,8589,732
146211,43042,9617,0.00491597,0.03,30937732,12418598,9759,1048828,1058587,251923
61276,28961,22176,0.00082487,0.05,1463858,32112662,9356,69619,78975,110381
45785,99506,3697,0.01084252,0.01,49397672,3679279,11377,276503,287880,24609
115543,50502,6798,0.00163948,0.2,9566760,68664652,17749,186323,204072,204786
54352,46800,8576,0.00108175,0.07,2751701,28097223,7755,49578,57333,66444
8231,42239,7817,0.00860544,0.15,2992167,49529904,2332,29594,31926,29865
59788,70932,3131,0.00078778,0.0005,3340929,111058,1612,20495,22107,351
47194,2451,13335,0.00952101,0.15,1101468,4903302,149,23960,24109,67934
451,52642,5974,0.00860544,0.17,204607,53463781,2464,6056,8520,2444
31005,65295,16335,0.00082487,0.01,1669951,10666272,7051,53959,61010,23096
27072,55771,9678,0.00019487,0.01,294223,5397994,3341,12556,15897,2060
141516,18474,13568,0.00019487,0.17,509479,42613559,9520,35827,45347,102623
12987,7224,3977,0.00034241,0.05,32126,1436675,87,857,944,569
37826,57061,1728,4.64e-06,0.0005,10015,49326,442,996,1438,11
44553,5476,37184,0.00082282,0.3,200764,61092848,1871,42372,44243,140749
26411,6014,29157,0.01084252,0.3,1722233,52606342,1918,80940,82858,179589
82684,46229,3825,0.00082185,0.2,3141456,35370324,1666,37829,39495,60664
37641,4780,4864,0.00041097,0.005,73947,116261,49,2685,2734,128
41243,11274,98,4.34e-06,0.2,2018,221312,22,85,107,17
52395,86072,14633,0.00160539,0.01,7239995,12595016,9465,187865,197330,70575
85156,55151,19511,0.00370564,0.03,17403649,32283473,14138,717463,731601,282022
121945,13377,17021,0.00108175,0.03,1764709,6831334,2712,72613,75325,67816
42759,12801,2761,0.02533638,0.13,13869434,4595043,157,55005,55162,43631
66666,3541,31898,0.00160539,0.17,379008,19203650,1064,39661,40725,130087
76183,4683,19240,4.64e-06,0.01,1655,901079,449,9802,10251,41
119977,21911,6771,0.00018467,0.07,485477,10385826,1355,17619,18974,20069
65206,78652,2074,2.09e-05,0.2,107086,32639193,1643,2763,4406,3545
4970,30079,600,0.00370564,0.3,554006,5420885,86,650,736,1085
98452,29745,8708,0.00160539,0.17,4701459,44038852,1728,115213,116941,174283
80582,14431,384,0.00860544,0.13,10007283,721665,36,6837,6873,6622
48417,42653,2786,4.34e-06,0.17,8962,20206324,1138,1469,2607,494
44040,1787,6173,0.00108175,0.15,85179,1655736,53,3345,3398,4854
56015,50092,9568,8.43e-05,0.03,236513,14378476,4735,18563,23298,5534
64437,61001,15359,0.00041097,0.07,1615437,65585185,16486,72819,89305,133748
63512,19056,12920,0.00108175,0.13,1309282,32008446,1755,42053,43808,98615
74131,8372,8229,0.00031941,0.0005,198257,34451,100,8118,8218,59
95572,77731,4998,0.00018467,0.17,1371911,66053099,14929,17312,32241,63712
