lr,lc,rc,ld,rd,lnnz,rnnz,sp_smdm_todense,sp_smdm_multiply,sp_smdm,bz_smsm
97366,33288,5958,0.00056263,0.13,1823595,25785518,1965,32623,34588,76241
122335,65522,2027,0.00041097,0.25,3294205,33216643,1439,31856,33295,50312
85283,55401,5954,1.65E-05,0.13,78006,42884765,9518,22248,31766,5405
78717,99615,6291,0.00015297,0.05,1199504,31338809,8887,20561,29448,33460
58019,54547,17077,0.00108175,0.07,3423537,65207439,16438,117021,133459,167477
131403,43733,7722,8.43E-05,0.1,484397,33774444,7957,29621,37578,34386
15728,31500,45522,0.00860544,0.03,4263462,43019639,15177,247887,263064,116536
87003,95285,15346,0.00182521,5.00E-04,15131430,731149,8915,518363,527278,7771
122724,61616,2796,0.00031941,0.3,2415325,51698106,2074,37265,39339,65907
74841,20268,16085,0.00047003,0.005,713008,1630128,2023,28133,30156,3420
134987,39791,9266,0.00018467,0.13,991923,47932957,10982,43903,54885,101564
108666,10740,19512,0.00078778,0.17,919427,35627383,1377,58888,60265,188507
68306,38201,16043,0.00082282,0.03,2147067,18386741,6560,65256,71816,71795
11006,60966,19826,0.00013363,0.03,89670,36262371,11945,16860,28805,4244
73287,5810,17923,0.00015297,0.3,65139,31243081,1109,23323,24432,27410
80348,24008,14712,2.48E-05,0.13,47897,45919803,10382,29203,39585,7599
83116,9119,5696,0.00015297,0.2,115948,10389143,544,6610,7154,12743
29735,25167,22174,0.00082282,0.1,615772,55808823,13127,24557,37684,84354
105970,16771,5723,0.01084252,0.2,19270355,19197223,930,289737,290667,206628
35773,24749,7821,0.00047003,0.17,416149,32907979,1955,16704,18659,33173
66173,57686,8764,0.00952101,0.13,36344782,65725864,22041,494480,516521,375822
109258,67641,5832,0.00013363,0.13,987586,51286831,17851,36256,54107,59694
9314,7419,13478,0.00163948,0.2,113298,20000240,972,3179,4151,17268
43659,47194,33980,2.09E-05,0.03,43023,48110586,16138,45903,62041,4012
14569,13356,16170,0.02533638,0.23,4930456,49677774,1722,121426,123148,131364
82597,83646,2519,0.00013363,0.03,923240,6321702,2253,9988,12241,5640
69420,40962,10465,0.00952101,0.13,27074371,55732444,2936,477717,480653,367858
46756,53769,7584,0.00160539,0.01,4036030,4078138,3177,50471,53648,20217
98966,87945,14688,0.00370564,5.00E-04,32252780,645897,15404,1176893,1192297,20294
16232,10652,12684,0.00182521,0.05,315616,6756092,1138,9375,10513,13849
66177,6349,17332,0.00952101,0.1,4000474,11004602,979,117138,118117,158641
64050,5188,31464,0.00013363,0.13,44408,21222444,1486,25896,27382,17247
110661,20042,1144,0.00031941,0.23,708415,5275053,238,3864,4102,12804
106078,18553,6299,0.00018467,0.17,363448,19870443,1072,16240,17312,30888
84667,17519,6750,0.00160539,0.2,2381336,23654003,1116,39785,40901,97186
31526,11513,45258,0.00182521,0.07,662517,36475921,9053,60132,69185,123332
34422,86478,23247,0.00163948,5.00E-04,4880418,1005186,9759,179926,189685,3565
76873,97636,16492,0.00370564,0.03,27813025,48309209,21021,758392,779413,275059
32360,2665,45187,0.00031941,0.07,27555,8432644,384,15278,15662,8023
56692,88821,2138,0.00860544,0.2,43333045,37984798,1821,141707,143528,137663
70273,19995,29949,0.00056263,0.005,790577,2994283,3374,52735,56109,9217
92509,84398,3068,0.00370564,0.13,28932221,33670638,1736,227271,229007,138693
8213,29864,12338,0.00860544,0.1,2110867,36848979,8753,31597,40350,26626
79098,33153,27005,0.00296184,0.03,7767106,26859588,10341,375972,386313,258493
29129,30290,17065,0.00182521,0.07,1610458,36185243,9427,52251,61678,70980
88999,13706,10833,0.01084252,5.00E-04,13226192,74244,253,312668,312921,3125
145855,29838,5432,0.00034241,0.27,1490188,43763326,1661,37058,38719,111561
43568,87023,12162,0.00370564,0.005,14049825,5292307,8049,265570,273619,52623
33410,61523,6558,0.00491597,0.001,10104867,403493,3170,96017,99187,3650
137841,16598,5004,0.00182521,0.23,4176065,19105917,801,73356,74157,124723
87906,15292,10524,0.00860544,0.15,11568360,24140834,1473,264982,266455,254112
32496,6653,19458,0.00031941,0.27,69056,34953644,1218,18635,19853,28851
115721,77929,1260,0.00019487,0.15,1757358,14735341,349,5965,6314,18148
46787,1840,40047,0.00182521,0.25,157185,18428395,784,24374,25158,94023
145403,12494,13366,0.00952101,0.05,17296615,8350087,1386,724115,725501,296666
28436,5810,37630,0.00952101,0.13,1573159,28424557,6758,80272,87030,154166
94130,40069,19510,0.00018467,0.07,696528,54724088,13340,59630,72970,80462
44963,93459,20068,0.01084252,0.005,45563041,9377768,18210,1373875,1392085,127754
99321,47329,4093,0.00163948,0.17,7707002,32939353,1945,92154,94099,107355
70266,23925,8549,0.00182521,0.23,3068395,47046079,1595,61616,63211,135220
18623,36187,9617,0.00370564,0.15,2497381,52205458,12587,31280,43867,41727
39684,35674,39856,0.02533638,5.00E-04,35870059,710931,12550,2049867,2062417,44884
104935,30190,2283,0.00160539,0.2,5085929,13788125,286,34394,34680,49699
104687,62677,694,0.00031941,0.15,2095829,6529094,141,3692,3833,9602
104636,18989,7540,0.00034241,0.15,680376,21477432,1269,23942,25211,63377
38625,18083,33855,0.00182521,0.03,1274885,18366819,6288,72861,79149,89916
5977,61918,23382,0.00860544,0.03,3185260,43435153,15387,103455,118842,31954
28622,6023,25782,0.00056263,0.17,97005,26401930,1479,18654,20133,33049
73949,38630,8852,0.00047003,0.15,1342750,51297811,11968,44968,56936,89912
11974,96365,2108,0.00082185,0.1,948369,20321664,4998,5377,10375,4281
113741,52296,7952,4.64E-06,0.13,27600,54062954,12650,31803,44453,3114
86495,75793,20085,0.00182521,5.00E-04,11965655,761169,8795,528523,537318,10871
67778,67468,17886,0.01084252,0.03,49582161,36203817,21693,1430273,1451966,354393
73727,50453,6133,0.00108175,0.01,4023863,3094590,2564,46393,48957,17650
134395,43005,4828,2.09E-05,0.25,120680,51907729,1736,25594,27330,23945
142067,99650,3320,0.00041097,0.13,5818115,43014289,2385,85335,87720,89320
91878,79011,1585,0.00047003,0.3,3412190,37577321,1322,12034,13356,31053
131355,2093,9379,0.00952101,0.03,2617806,588994,58,58983,59041,44833
79806,43266,11330,0.00160539,0.13,5543327,63733088,3309,139780,143089,203480
134593,43061,8367,0.00108175,0.13,6269567,46841184,12142,188265,200407,205587
1845,30962,44492,0.00952101,0.005,544057,6888066,7506,41238,48744,5525
41847,20929,6892,0.00491597,0.1,4305644,14424885,1263,50113,51376,43913
41029,74071,14479,0.00491597,0.03,14940441,32175416,13377,324280,337657,98583
47220,24989,19836,0.02533638,0.05,29897665,24784903,2747,881988,884735,266948
17336,18634,23391,0.00078778,0.1,254495,43587966,10129,28449,38578,38387
64413,10721,10525,0.00031941,0.03,220582,3385353,933,10179,11112,4762
75825,41469,9371,0.00034241,0.13,1076679,50521505,11588,38378,49966,89502
109046,21660,1643,0.00163948,0.03,3872500,1067990,90,17736,17826,13104
117887,43943,2704,0.00015297,0.17,792452,20207540,1154,14462,15616,29899
70411,11972,24600,0.00013363,0.13,112654,38290496,8538,33516,42054,39323
137034,91065,2431,2.09E-05,0.27,260563,59785667,1865,29664,31529,13050
90185,32471,5210,0.00047003,0.01,1376457,1691889,1377,17102,18479,5592
144112,87176,13029,0.00082487,0.05,10363023,56795187,17155,509582,526737,303187
22530,10253,48658,0.00160539,0.03,370866,14967638,4765,36691,41456,38712
124839,80742,12194,4.64E-06,0.05,46770,49230041,13468,38662,52130,3095
77031,584,19909,0.00491597,0.3,221416,3492264,97,17807,17904,67919
74393,61781,3466,0.00182521,0.23,8388939,49256590,1676,71328,73004,93399
99551,65462,1370,0.00860544,0.15,56081368,13457341,460,185531,185991,116223
60528,5350,3159,0.00182521,0.23,591139,3888820,75,4707,4782,18552
88725,62419,9675,0.00952101,0.05,52729591,30197769,3579,1133087,1136666,334234
141148,75771,13011,0.00160539,0.05,17169578,49293225,16644,827216,843860,351382
30866,17183,18656,0.00078778,0.05,417827,16028511,4321,21655,25976,29220
47902,10258,40635,0.00860544,0.07,4228743,29180178,7747,263526,271273,262452
64348,19672,7712,0.00370564,0.2,4690976,30345813,1590,69520,71110,110950
70750,40157,28409,8.43E-05,0.03,239480,34225737,11672,50324,61996,16552
20235,42466,12237,0.00182521,0.03,1568424,15590396,5272,28007,33279,26522
138381,26832,9184,0.00018467,0.27,685694,66541578,1987,43440,45427,125825
78519,15235,6040,0.00082487,0.17,986777,15644394,886,15202,16088,56863
19306,38528,22318,0.00041097,0.05,305707,42994698,11792,21194,32986,30542
61507,64168,3007,0.00013363,0.13,527416,25087802,1785,5236,7021,13013
110118,17517,11225,8.43E-05,0.25,162597,49161767,2319,30558,32877,40129
22950,10175,25162,0.00296184,0.27,691700,69132631,2112,47689,49801,92847
39045,50871,3696,0.00082282,0.25,1634351,47005874,2107,9559,11666,32010
61837,15728,14842,0.02533638,0.13,24642471,30348225,1473,557502,558975,415586
47667,89081,10811,0.00491597,0.01,20874712,9631434,9681,347351,357032,69247
55938,9379,9133,0.00018467,0.15,96888,12849645,777,7758,8535,13500
13678,69478,997,0.00370564,0.13,3521622,9012222,209,4916,5125,4875
40319,72941,2948,0.00108175,0.05,3181408,10754886,3683,14466,18149,15681
52172,6086,36193,0.00056263,0.13,178653,28636974,6732,28872,35604,67004
89116,9732,5599,0.00019487,0.13,169010,7084026,171,7298,7469,10127
35390,33639,6233,0.00078778,0.15,937867,31451509,7396,9831,17227,34773
118270,5395,12366,0.00952101,0.17,6075596,11342507,208,214610,214818,244839
74347,55846,7870,0.00952101,0.01,39531852,4395439,9793,528217,538010,100093
39955,23735,3557,0.00296184,0.27,2808903,22801970,887,14226,15113,31345
26848,91981,3943,0.00296184,0.17,7314601,61671028,15672,43114,58786,49114
41058,5686,11014,0.00108175,0.05,252587,3132040,551,8077,8628,10037
40745,21940,7324,0.00182521,0.13,1631684,20892047,1465,23955,25420,40847
60641,8346,26013,0.00860544,0.07,4355582,15198445,4795,180726,185521,204435
29953,2131,9350,0.00082487,0.3,52656,5978570,134,3755,3889,10588
143107,69551,6835,4.34E-06,0.13,43197,61802128,14648,32032,46680,3926
52745,5375,31446,0.00056263,0.17,159512,28734323,1746,26948,28694,64744
2876,2397,49094,0.02533638,0.27,174729,31776040,1241,10239,11480,23192
47130,68204,3695,0.00013363,0.25,429558,63007579,2142,6244,8386,31808
118294,20939,4039,0.00034241,0.2,848149,16915945,384,13606,13990,44205
24229,6527,12155,0.00952101,0.25,1505806,19835018,802,28941,29743,48706
70079,93697,14418,0.00034241,0.01,2248370,13509704,8736,71149,79885,29144
135291,86397,9008,0.00163948,5.00E-04,19163682,389151,6474,611157,617631,5372
113381,42933,4233,0.00860544,0.07,41890630,12722307,1602,497392,498994,185512
99329,63754,3157,0.00031941,0.15,2022723,30194512,7386,14775,22161,47175
113464,39310,12161,0.00491597,0.1,21926787,47808862,3216,789097,792313,416693
52836,68274,4864,0.00952101,0.001,34345805,332133,7714,263691,271405,9288
40403,90904,2211,0.00160539,0.3,5896288,60302294,1717,21084,22801,37877
38879,64726,18126,0.00031941,0.005,803800,5866271,6166,39364,45530,7997
112745,10219,10675,0.00015297,0.1,176246,10908998,408,15655,16063,16460
96812,59640,213,0.00160539,0.27,9269477,3436330,59,5183,5242,7111
141685,11046,7196,0.00041097,0.15,643231,11925181,866,19300,20166,53239
77620,23824,7966,0.00018467,0.03,341503,5693951,2249,12598,14847,7924
7002,34276,7315,0.00015297,0.27,36713,67699271,2174,3060,5234,4839
140966,54271,5749,2.09E-05,0.13,159741,40567960,9334,23356,32690,20061
53554,40303,24466,0.00034241,0.03,739075,29582358,9713,50785,60498,44166
116075,22610,9987,0.01084252,0.27,28456074,60971279,1888,826964,828852,857444
137955,35382,14524,0.00078778,0.1,3845302,51389721,13160,199134,212294,276094
81359,68007,17325,0.00078778,0.05,4358862,58912212,17417,171468,188885,205045
98260,16174,8581,0.00491597,0.13,7813044,18043845,1286,172995,174281,165157
15559,17880,12488,0.00015297,0.17,42558,37963300,8604,4286,12890,6444
123371,30844,8668,0.00160539,0.13,6109075,34757461,9252,173106,182358,198590
141553,4492,5300,0.00047003,0.23,298938,5477088,138,9590,9728,26853
5226,6183,36112,0.00296184,0.2,95718,44659764,1814,6759,8573,19148
47748,2131,15014,0.00160539,0.23,163390,7360783,121,9706,9827,35097
88232,60784,23716,0.00182521,0.001,9788985,1441623,7821,526233,534054,17520
58590,32693,7041,0.00108175,0.13,2072146,29926629,1632,34854,36486,57292
29902,28984,38266,0.00108175,0.03,937572,33274410,11468,70277,81745,76994
84201,22342,9230,0.01084252,0.2,20397716,41245006,1550,391455,393005,385863
2931,62754,8260,0.02533638,0.07,4661285,36287038,9691,51134,60825,24041
49865,41784,1999,0.00082282,0.27,1714412,22559740,369,5841,6210,16648
39010,9078,33934,0.00370564,0.15,1312402,46212117,10630,79431,90061,189461
59470,41601,16892,0.00041097,0.01,1016753,7027616,4463,38478,42941,14283
83377,64028,11307,0.00041097,0.03,2194003,21720017,7553,59569,67122,66023
36458,44661,39969,0.00952101,0.005,15503072,8925613,12333,934983,947316,138056
63548,45979,19191,0.00056263,0.05,1643964,44120881,12343,72080,84423,117006
26703,74691,22749,8.43E-05,0.01,168118,16992017,10468,38779,49247,3553
63747,46730,22053,0.00082185,0.005,2448262,5152867,5745,94304,100049,19598
131722,73298,2970,0.00034241,0.07,3305963,15243092,4547,35055,39602,44417
33185,86416,16935,0.00952101,0.001,27304208,1463532,10852,680854,691706,24813
147751,75258,10129,0.00031941,0.005,3551712,3811632,4541,128220,132761,14374
113894,7882,5236,0.02533638,0.13,22745018,5365824,166,285441,285607,162839
119561,1522,6054,0.01084252,0.17,1973556,1566962,70,27729,27799,71045
59148,13274,9381,0.01084252,0.005,8513016,622645,184,132249,132433,26554
100118,11748,9226,0.00182521,0.25,2146861,27099502,1219,55592,56811,152398
128860,43932,14497,0.00034241,0.005,1938426,3184489,3768,83227,86995,11701
33442,7980,13858,0.00041097,0.23,109680,25436471,1098,14760,15858,25018
7814,59894,5017,0.00047003,0.07,219995,21037113,5326,5512,10838,3822
84252,55455,8994,0.00013363,0.07,624351,34917097,8517,30762,39279,36571
104484,3891,5277,0.00491597,0.13,1998911,2669932,127,25872,25999,58553
47679,20880,10732,0.01084252,0.05,10794459,11205034,5452,187032,192484,83706
23231,3666,17528,0.01084252,0.15,923543,9640168,267,23470,23737,51971
131503,46495,3807,0.00019487,0.27,1191490,47802468,2090,30850,32940,69208
42661,98275,810,0.00082282,0.3,3449722,23882852,841,4908,5749,11151
124491,2989,8506,0.00019487,0.25,72515,6356963,105,10439,10544,12515
41526,6876,37572,2.48E-05,0.17,7090,43921099,9862,21326,31188,3534
92892,29227,5911,0.00015297,0.23,415318,39742536,1718,22950,24668,49584
136773,60533,4472,2.09E-05,0.13,172872,35191674,8172,21816,29988,8839
12971,33483,15175,0.00182521,0.13,792721,66058274,15136,19275,34411,27075
77879,63025,11611,0.00013363,0.05,655911,36592561,9849,37782,47631,29292
50522,8252,10560,0.00296184,0.05,1234850,4357242,260,22221,22481,36522
35557,50527,33258,0.02533638,0.005,45519939,8402353,16185,2244357,2260542,174933
73339,16870,16588,0.00182521,0.23,2258237,64363645,2189,84968,87157,226839
86521,33964,16898,0.00370564,0.1,10889559,57393292,16040,421135,437175,332223
7293,88117,3594,0.00015297,0.15,98310,47505746,10496,3821,14317,3486
26691,23258,14148,0.00041097,0.03,255133,9872247,3389,14114,17503,7660
98066,41967,4088,0.00082282,0.23,3386379,39465343,1734,48364,50098,79696
116613,13871,7347,0.00082185,0.07,1329414,7134207,285,25648,25933,48013
146723,50138,9134,0.00031941,0.13,2349750,59535716,13810,86127,99937,179105
88274,73012,4168,0.00015297,0.2,985914,60871976,13384,10803,24187,41958
146067,6562,7358,2.48E-05,0.25,23801,12072634,182,10154,10336,3023
125857,42282,11878,0.00108175,0.13,5756540,65294101,15849,242265,258114,279746
128261,9592,15190,0.00034241,0.27,421271,39342141,1546,40058,41604,128722
40058,38153,33365,0.00108175,0.005,1653316,6365225,6987,88492,95479,19656
130451,3348,5445,0.00056263,0.27,245799,4923828,99,8656,8755,25765
51667,59315,34324,0.00296184,0.01,9077075,20359700,14624,506844,521468,167222
35930,18510,43427,0.00108175,0.05,719456,40193270,11389,67415,78804,113626
102296,49130,19240,0.00082487,0.001,4145695,945278,4994,204505,209499,5284
10672,69703,3104,0.02533638,0.27,18847451,58433424,1816,78802,80618,98574
64621,50363,25942,0.00296184,0.03,9639487,39196463,15213,425480,440693,230110
45392,20350,19204,0.00013363,0.13,123441,50807587,11456,31389,42845,20828
80022,60627,9037,0.00019487,0.1,945424,54794058,12765,43397,56162,76519
44171,76085,461,0.00296184,0.3,9954267,10531483,165,7240,7405,11527
90671,14282,15507,1.65E-05,0.2,21380,44297385,9679,19951,29630,5388
89490,74614,2024,0.00952101,0.001,63574769,151024,195,291891,292086,20373
58210,37778,9183,0.00108175,0.03,2378882,10408478,3607,40075,43682,43297
31683,32508,6174,0.00015297,0.17,157556,34122834,7512,4775,12287,9600
2739,78424,15866,0.00018467,0.05,39677,62217421,17247,11033,28280,3192
6103,20251,12405,0.00296184,0.27,366104,67833284,2087,7851,9938,14390
65858,3776,26687,0.00078778,0.27,195927,27211303,1144,29747,30891,93396
44704,5811,14677,0.00108175,0.17,281051,14501473,785,12487,13272,43810
66823,75696,25692,0.00163948,0.03,8293048,58345779,21442,387678,409120,258484
74994,27738,25355,0.00082185,0.05,1709621,35165355,10071,92243,102314,148103
66726,22607,1330,0.00163948,0.13,2473191,3910963,135,7157,7292,13739
36799,5092,43610,0.00047003,0.03,88077,6662024,2330,21095,23425,9040
44946,23862,10346,0.00013363,0.05,143321,12345012,3432,12664,16096,5487
142307,8033,2625,0.00163948,0.27,1874270,5695502,93,15165,15258,49099
57597,63238,755,0.00078778,0.3,2869437,14330699,511,3797,4308,9590
126922,57792,10927,0.00108175,0.005,7934737,3157595,4789,285741,290530,35739
149955,36504,9381,2.48E-05,0.2,135920,68490979,2745,43214,45959,20717
36139,72013,4378,0.00041097,0.03,1069560,9458446,3137,10387,13524,9574
148354,99024,4604,0.00370564,0.13,54438984,59269117,3096,943274,946370,466170
54699,76215,798,0.00491597,0.17,20494607,10346173,617,25478,26095,24194
66980,36237,9185,0.00082487,0.13,2002126,43272073,10028,48177,58205,90976
141073,28126,2326,0.00160539,0.005,6369983,327166,108,52735,52843,5104
37092,15365,48284,1.65E-05,0.07,9409,51934231,12710,38043,50753,3064
53386,9774,22227,1.65E-05,0.27,8615,58664254,12630,20011,32641,4190
105119,8191,8952,0.00108175,0.15,931427,10999742,651,23168,23819,78388
100983,44691,9699,0.00082282,0.07,3713475,30343085,8312,97746,106058,135842
143676,14415,5210,0.00082487,0.17,1708472,12770319,674,26564,27238,86582
117913,8575,11004,0.00019487,0.15,197035,14154596,847,18374,19221,26809
143129,14578,12341,0.00015297,0.23,319183,41380938,1798,37084,38882,81732
74042,43256,5628,0.01084252,0.27,34726753,65739047,2086,347495,349581,468606
126823,88859,2657,0.00163948,0.15,18476023,35422494,1662,182056,183718,114249
138522,71083,4335,0.00056263,0.2,5540010,61642556,14956,79770,94726,141877
67946,1906,17897,0.02533638,0.2,3281547,6823200,123,87499,87622,181142
84008,18577,1006,0.02533638,0.2,39540932,3740510,77,73877,73954,68760
23962,71633,21505,0.00056263,0.03,965770,46214520,15810,46116,61926,47498
27872,33660,4176,0.00860544,0.3,8073829,42171004,1683,47880,49563,71722
119534,14986,296,0.00952101,0.15,17056374,665588,33,14152,14185,10109
139920,39416,1928,0.00019487,0.2,1074756,15202048,248,9523,9771,27114
118113,63168,1877,0.00491597,0.27,36678218,32014833,1389,204898,206287,196682
38901,3854,43891,0.00108175,0.3,162196,50751830,1889,38007,39896,130032
116768,68224,6487,0.00491597,0.07,39163128,30982527,2804,753570,756374,223395
52392,2000,17644,0.02533638,0.2,2655227,7058675,179,65572,65751,137324
143170,72851,5332,0.00015297,0.13,1595504,50497653,11770,44382,56152,76801
84614,4018,3725,0.00160539,0.3,545845,4491306,75,6613,6688,29914
95682,28543,1972,0.00047003,0.23,1283700,12948869,289,5568,5857,23495
49881,6891,20796,0.00082487,0.17,283538,24362044,1288,24131,25419,66033
11199,26434,11001,0.02533638,0.13,7500968,37806953,10390,101110,111500,78366
51832,91023,2937,0.00019487,0.13,919394,34762377,8063,7254,15317,16514
143052,52536,2399,0.00078778,0.07,5920522,8823825,1027,54997,56024,47971
41430,11930,28171,2.09E-05,0.2,10320,67221162,2693,34839,37532,4985
37623,1710,39221,0.00108175,0.3,69604,20122893,359,17875,18234,53721
22104,24818,5378,0.00182521,0.25,1001316,33370838,1490,7720,9210,17757
22778,10815,19643,0.00056263,0.13,138607,27618796,6532,13860,20392,28763
81401,45610,6643,0.00108175,0.17,4016255,51508589,2190,69294,71484,105952
16040,39396,27507,0.00952101,0.001,6016511,1083671,6054,235257,241311,11554
99144,97504,3991,0.00163948,0.15,15848898,58377287,16805,158802,175607,131483
52305,19935,7537,0.00296184,0.17,3088399,25546284,1473,44282,45755,70912
12228,10281,22617,0.00013363,0.23,16801,53483788,1903,19699,21602,6471
89931,29792,8757,0.00860544,0.23,23056524,60007616,2024,486978,489002,477102
84555,83918,22255,0.00182521,0.03,12951257,56030479,21183,648800,669983,306278
18829,7341,36671,0.02533638,0.25,3502645,67309410,2145,182188,184333,247841
128577,13435,1547,0.00860544,0.23,14865353,4781979,86,69849,69935,59866
94579,26926,7130,0.00182521,0.27,4648272,51843188,2095,96287,98382,158399
89300,62672,2675,0.00370564,0.2,20739217,33537183,1698,152981,154679,126078
99044,73254,1425,0.00296184,0.15,21489714,15659006,932,79985,80917,60919
9399,66337,15140,0.00013363,0.03,83327,30132156,9780,13616,23396,3220
74758,70969,1479,0.00031941,0.15,1694668,15753736,383,5916,6299,20893
86717,41736,3127,0.00078778,0.13,2851196,16971095,1149,25575,26724,44749
46242,36529,1934,0.00082282,0.2,1389925,14131215,292,4796,5088,13070
119596,15184,2537,0.00952101,0.17,17289871,6549136,173,130484,130657,107167
50024,20037,8913,0.00182521,0.27,1829576,48222376,1894,38775,40669,84144
121993,53221,11925,0.00019487,0.005,1265219,3173431,3594,46833,50427,5798
51310,66327,13468,8.43E-05,0.07,286863,62532293,15428,39139,54567,33783
131972,55300,2384,8.43E-05,0.25,615158,32968910,1343,16749,18092,32219
13603,10089,26357,8.43E-05,0.15,11568,39888940,9149,3757,12906,3763
8877,3484,43992,0.00031941,0.3,9881,45990272,1824,19359,21183,8109
113491,42518,3849,0.00163948,0.2,7911293,32733423,1719,102140,103859,113186
27348,47832,5357,0.00082487,0.17,1079063,43565662,1849,10260,12109,21240
145187,329,915,0.02533638,0.07,1213491,21132,10,3463,3473,4018
37622,36955,6996,0.00163948,0.15,2279445,38783402,9338,23146,32484,48353
87665,48729,17510,0.00296184,5.00E-04,12652686,426640,5665,495255,500920,9790
13215,37014,43155,0.00370564,0.01,1812736,15973788,10216,113954,124170,46605
58665,5597,29984,0.02533638,0.15,8319487,25174495,1607,390087,391694,403301
45905,49663,2602,0.00082487,0.15,1880558,19387924,1250,7732,8982,16608
119068,16505,16260,0.00108175,0.13,2126011,34892418,8647,100324,108971,232630
37912,55799,16428,0.00041097,0.03,869404,27501373,8984,31704,40688,35274
29273,47975,30238,0.00018467,0.01,259353,14507068,8951,40627,49578,9360
65650,18087,19824,0.00491597,0.05,5837537,17929190,6148,198283,204431,176750
94087,88687,10808,0.00082185,0.07,6857851,67103577,18269,203999,222268,207818
108444,591,18014,0.01084252,0.1,694959,1064736,47,32534,32581,66910
25990,4298,32818,0.00019487,0.27,21773,38093822,1512,21544,23056,20527
141815,72084,4985,0.00182521,0.15,18658731,53907250,2535,362039,364574,228512
81769,27614,21821,0.00160539,0.05,3624945,30128791,8910,156855,165765,189688
63894,38439,4471,0.00860544,0.27,21135422,46407078,1695,169961,171656,211908
106923,44899,8525,0.01084252,0.15,52052697,57416751,2638,1184739,1187377,712082
37515,49256,17206,0.00082282,0.07,1520477,59327094,14557,64578,79135,82099
73918,20432,14602,0.00108175,0.05,1633797,14918346,4313,47641,51954,78164
32352,73752,28061,0.00163948,0.01,3911935,20695721,13470,174420,187890,75940
142193,76384,6370,1.65E-05,0.07,179321,34060442,8441,26112,34553,14944
53503,57268,1850,0.00860544,0.3,26367431,31798087,1048,72508,73556,107265
93935,73922,13905,0.00034241,0.005,2377694,5139488,5690,77431,83121,14305
18107,12950,22537,0.00015297,0.23,35872,67129085,2372,33063,35435,26974
111945,49638,6764,0.01084252,0.01,60249528,3357904,13059,1071806,1084865,134543
38161,17898,18304,0.00056263,0.15,384302,49144312,10708,33311,44019,62884
44607,19677,39166,0.00952101,0.005,8357244,3853527,5661,477671,483332,92943
11367,36617,26881,0.00041097,0.01,171068,9843198,6027,20275,26302,3148
46820,35088,10000,0.00056263,0.13,924313,45617340,10143,16832,26975,59092
38268,81011,14807,0.00047003,0.03,1457165,35986213,12288,43058,55346,46217
132093,55926,7122,0.00082282,0.15,6078625,59750458,14623,160321,174944,201807
51899,68702,24643,0.00082487,0.005,2941198,8465346,9321,121013,130334,27109
18531,49721,8755,0.00056263,0.07,518413,30473466,7497,10840,18337,15634
124443,1564,13001,0.00860544,0.13,1675223,2644071,94,49398,49492,135082
534,13928,46240,0.00078778,0.1,5865,64406972,14545,3492,18037,3056
26151,48158,4480,0.00370564,0.005,4666996,1078821,1837,28736,30573,5921
5039,15645,35277,0.00082282,0.1,64872,55191732,12709,10211,22920,12864
6114,42664,21141,0.00370564,0.07,966637,63139837,15371,32353,47724,23173
20374,10310,31417,0.00018467,0.05,38792,16196325,4394,15377,19771,4131
66970,42015,17454,0.00034241,0.07,963482,51334084,12650,56459,69109,82683
90343,3655,18815,0.00108175,0.2,357278,13757150,227,25967,26194,82586
91534,90483,8372,0.00056263,0.005,4659902,3787658,4711,93334,98045,14965
89398,60028,20137,0.00952101,5.00E-04,51094075,604412,15981,2301706,2317687,36508
88618,85186,4158,0.00082282,0.005,6211553,1771071,2949,61762,64711,11797
112303,45995,9913,2.09E-05,0.1,107854,45596748,10469,31746,42215,19662
42770,49462,28457,0.01084252,0.01,22937950,14076127,12770,952512,965282,169504
13828,42270,43148,0.01084252,5.00E-04,6337939,911958,8794,357296,366090,9830
136012,27908,6746,0.00047003,0.3,1784207,56486517,2421,53072,55493,136643
16672,417,36969,0.00491597,0.15,34197,2313742,75,5789,5864,11547
75568,16383,12784,0.00047003,0.2,581926,41891097,1580,35713,37293,92044
97236,43938,16814,0.00019487,0.07,832563,51714974,12796,58528,71324,102600
59960,96891,15808,0.00013363,0.03,776342,45951036,15343,55975,71318,38133
68113,13437,20825,0.00041097,0.17,376160,47574732,10361,31145,41506,108063
119923,10303,10249,0.00491597,0.13,6074116,13728464,358,174131,174489,194588
20934,24889,3564,0.00160539,0.13,836506,11532585,358,5053,5411,12540
12772,39884,13684,0.00370564,0.005,1887745,2729065,3181,34251,37432,9068
105590,56113,7015,0.00082282,0.01,4875209,3936776,3636,100157,103793,30323
142072,17946,11968,0.00082487,0.2,2103129,42957373,1502,86842,88344,232804
84676,19530,17106,0.00108175,0.2,1788961,66819509,2634,86451,89085,224688
65163,9342,6235,0.00082282,0.03,500927,1747705,147,8758,8905,7724
59101,62115,32953,0.00860544,5.00E-04,31591547,1023447,20372,1649608,1669980,33283
58225,64324,30532,0.00860544,0.03,32230464,58919556,25281,1607057,1632338,435324
50680,25677,28317,0.00491597,0.01,6397329,7271102,5910,286378,292288,104325
52019,19591,23435,0.00296184,0.01,3018553,4591472,3386,110283,113669,47088
91220,60873,7368,2.48E-05,0.15,137880,67281482,3312,39264,42576,35082
14556,57246,26971,0.00370564,0.03,3087915,46321340,16222,119398,135620,61188
67585,15411,9898,0.00108175,0.01,1126733,1525502,1201,22320,23521,8385
8790,21008,5266,0.00370564,0.13,684341,14382335,1052,5246,6298,6484
71474,69560,20116,0.01084252,0.03,53906672,41978567,23224,1798061,1821285,425777
57949,5272,7868,0.00082185,0.25,251103,10371988,160,8206,8366,30776
2914,11502,8793,0.00952101,0.07,319125,7080480,337,4703,5040,3388
16321,5681,20462,0.00108175,0.25,100302,29062590,1193,15467,16660,30216
81075,61396,2998,0.00952101,0.25,47393391,46026855,1989,250958,252947,299355
121477,76645,4221,0.00108175,0.2,10071912,64704944,2577,165724,168301,174168
52831,44990,2389,0.00952101,0.005,22630667,537523,159,86739,86898,10885
31675,6269,42255,0.01084252,0.17,2153149,45035833,1920,134080,136000,235241
74301,63567,7783,0.00056263,0.005,2657414,2473820,3171,40650,43821,9281
94363,5230,18546,0.00082282,0.05,406121,4850452,883,27563,28446,29114
8068,7164,27509,0.00056263,0.3,32525,59128652,2295,24973,27268,25835
28048,74855,22865,0.00041097,0.03,862884,51349575,17632,48293,65925,61197
22323,42565,16360,0.00041097,0.01,390512,6964035,4588,21933,26521,4748
129932,33956,3780,0.00952101,0.2,42007014,25671601,1318,494074,495392,353994
74912,1334,3484,0.00160539,0.27,160485,1255295,38,3318,3356,9640
5281,11567,38852,0.00047003,0.13,28713,58422940,13274,6993,20267,9063
33516,14747,19335,0.00108175,0.17,534712,48476577,11110,27566,38676,86110
95780,10019,13673,0.00860544,0.2,8258001,27398640,1482,276399,277881,335815
29145,26837,12010,2.48E-05,0.2,19422,64466532,2615,31862,34477,4995
5833,13106,13574,0.00078778,0.23,60230,40921165,1690,3561,5251,8375
42872,36656,45279,0.00108175,0.03,1700014,49793592,17815,143105,160920,165789
37478,44058,20620,0.00163948,0.05,2707214,45424658,13670,100540,114210,119852
12771,2864,41620,0.00370564,0.05,135589,5961984,1029,12526,13555,19361
43277,34415,10719,2.09E-05,0.17,31099,62713614,14002,6385,20387,5309
27798,99771,1086,0.00082185,0.15,2279420,16265520,393,5230,5623,5436
18538,7014,20071,0.00034241,0.3,44530,42240634,1461,19953,21414,15340
149323,67547,4282,0.00015297,0.1,1542930,28927304,7053,33172,40225,51931
22793,33724,31752,0.02533638,0.05,19476525,53542218,18320,920814,939134,277580
1608,52860,8500,0.00491597,0.13,417875,58411889,13397,9690,23087,5719
32960,7267,9105,0.02533638,0.15,6069079,9925762,796,83752,84548,75752
143064,27390,4220,0.00182521,0.17,7152354,19651828,1077,115780,116857,117615
127324,14202,12459,0.00108175,0.3,1956124,53085074,2047,80885,82932,261416
13357,3737,49963,0.00041097,0.17,20517,31744729,1790,14607,16397,16756
40002,981,44624,0.00056263,0.2,22081,8756289,201,15660,15861,11449
31991,6296,36602,0.00047003,0.25,94679,57616614,1781,23332,25113,57248
23746,25972,7874,0.00296184,0.23,1826750,47039032,1579,18345,19924,38865
65748,99094,10392,0.00160539,0.03,10459562,30896059,12089,181245,193334,112078
67016,70511,14954,0.00491597,0.01,23230088,10544468,10644,574583,585227,136721
18807,42546,7773,0.00296184,0.01,2370036,3307212,2359,24720,27079,10980
138930,71018,4653,0.00370564,0.13,36562006,42958652,2201,622152,624353,312380
90385,90948,10324,0.00082282,0.01,6763959,9390426,6997,172498,179495,54106
23814,1018,48086,0.00952101,0.13,231013,6369073,196,21208,21404,71143
103121,54679,7164,0.00031941,0.005,1801054,1958861,2454,32653,35107,4691
58322,77224,10797,0.00013363,0.05,601855,41691005,11962,23829,35791,24498
35524,41436,6917,0.00952101,0.2,14014718,57328830,2185,172621,174806,143475
43302,45284,14962,0.00296184,0.005,5807920,3387749,4510,140869,145379,25726
128494,15094,2567,0.00047003,0.23,911643,8914373,142,8453,8595,31503
84523,11011,1749,0.00370564,0.25,3449017,4815656,272,11785,12057,27403
84648,73824,13503,0.00370564,0.001,23157073,996878,8110,633444,641554,23818
100244,35635,8152,0.01084252,0.2,38732330,58104573,2251,789260,791511,681170
138303,18150,13971,0.00082185,0.07,2063103,17751906,4964,86732,91696,137062
44505,35175,16888,0.00078778,0.07,1233261,41583426,10617,49451,60068,75249
147051,82507,5608,1.65E-05,0.1,200313,46271228,10604,27321,37925,10300
72704,18392,4955,0.00019487,0.25,260581,22786062,1064,11483,12547,24885
8779,36647,6390,0.00019487,0.15,62700,35131012,8105,3545,11650,3898
122482,19786,12730,1.65E-05,0.17,40012,42820136,9551,23186,32737,7018
108745,75656,5691,0.00034241,0.01,2817126,4306203,3072,44821,47893,14394
112565,11985,8360,0.00019487,0.15,262921,15030495,856,13501,14357,27291
21168,56690,12862,0.00047003,0.03,564060,21875878,7295,18606,25901,18301
130037,81420,4458,2.09E-05,0.13,221070,47194872,10580,25416,35996,21363
94620,16968,5258,0.00034241,0.17,549754,15167798,335,11853,12188,32546
122207,14899,5845,0.00182521,0.27,3323317,23513390,869,62042,62911,131448
45204,27931,20154,0.00082185,0.03,1037685,16887692,5816,42801,48617,49066
89262,57918,2855,0.00078778,0.1,4072797,16539698,5427,26500,31927,43624
104718,80904,9719,0.00047003,0.005,3982197,3931777,4786,102941,107727,15897
19520,28939,5171,0.00013363,0.15,75487,22446812,1420,3042,4462,3942
43224,52105,38250,0.00163948,0.005,3692533,9965391,10788,223202,233990,49932
94987,12224,14802,0.00078778,0.13,914710,23522693,1656,39403,41059,113319
20831,8682,41118,0.00013363,0.13,24169,46412372,2382,22834,25216,19098
53738,26467,4506,0.00182521,0.27,2595988,32206345,1309,28603,29912,52861
62935,61032,3657,8.43E-05,0.1,323765,22324791,5304,5809,11113,8840
128013,44114,3058,0.00952101,0.23,53767513,31027824,1397,484021,485418,375175
59734,36977,34447,0.00078778,0.001,1740081,1273791,6126,101124,107250,4026
17742,94537,13252,0.00082487,0.05,1383598,62644673,16931,55433,72364,32006
108531,26544,12907,0.00082185,0.2,2367652,68524091,2710,102581,105291,214764
30683,7848,9094,0.00019487,0.27,46930,19272087,696,8674,9370,11681
87110,32352,7509,0.00082487,0.17,2324706,41300557,1716,54561,56277,111633
51052,10294,38208,0.00082487,0.07,433534,27534437,6706,45112,51818,88880
79009,20012,10703,0.00015297,0.3,241869,64258202,1804,22334,24138,58486
53194,23394,40133,0.00163948,0.001,2040245,938898,4667,126833,131500,5460
28442,20562,34164,0.00031941,0.05,186808,35125405,9842,33078,42920,29548
142708,11407,11904,0.00031941,0.25,519997,33950284,1329,33190,34519,117107
51481,96219,1803,0.00082487,0.07,4086061,12147185,1592,12730,14322,13930
77894,21232,18533,0.00031941,0.03,528285,11805957,3999,31339,35338,25028
18919,5369,38328,0.00018467,0.13,18758,26752322,1356,15970,17326,12545
32378,42098,3830,0.00015297,0.27,208509,43537357,1640,3763,5403,11394
35895,4748,11288,0.00182521,0.15,311112,8040481,230,8924,9154,30909
148838,6317,11146,0.00160539,0.15,1509526,10562426,213,47697,47910,144953
29075,18260,15175,0.00082282,0.17,436866,47109404,1999,34576,36575,55850
113859,37739,2201,0.00108175,0.2,4648226,16613321,344,32563,32907,50078
106020,59554,2520,0.00056263,0.27,3552434,40522244,1604,36821,38425,54572
107778,66480,12559,0.00034241,0.05,2453429,41746687,11367,95310,106677,121539
64485,38227,14351,0.00082185,0.05,2025966,27432188,7857,58378,66235,97947
60940,91826,10362,0.00860544,0.001,48156018,951548,11803,766855,778658,28478
10038,78818,13331,0.01084252,0.005,8579132,5253717,7197,155216,162413,19527
50748,18885,40064,0.00491597,0.05,4711420,37831557,11291,301674,312965,279082
101778,89470,6498,0.00047003,0.1,4280134,58141927,14797,70135,84932,127198
99276,24662,14700,0.00163948,0.13,4014099,47133065,11755,154550,166305,222505
77291,3698,16712,0.02533638,0.05,7242093,3090220,180,195461,195641,158371
111385,753,14947,0.01084252,0.17,909650,1913960,62,32770,32832,107097
109458,88928,14145,2.48E-05,0.01,241692,12579474,7616,39850,47466,3036
30002,45234,6709,0.00047003,0.23,637890,69803971,2499,43267,45766,27299
6385,25637,2198,0.02533638,0.13,4147755,7328250,169,10948,11117,7171
104687,68831,17307,0.00108175,0.03,7794819,35738155,13730,373264,386994,220609
107587,53799,3145,0.00108175,0.25,6261286,42301711,1694,72188,73882,79405
75009,26498,16496,0.01084252,0.01,21551351,4371284,6563,580925,587488,145648
74870,36072,27484,0.00082282,0.07,2222250,69401615,17391,136261,153652,251642
47933,76601,10278,0.00056263,0.005,2065877,3936721,4378,41818,46196,9540
26698,40091,6699,0.00034241,0.07,366502,18800739,4836,6925,11761,11139
11997,68920,18790,0.00056263,0.005,465228,6475064,6710,28937,35647,3141
77801,96142,3666,0.00182521,0.15,13652736,52871746,2475,121408,123883,103930
22032,31720,9581,2.48E-05,0.15,17353,45587985,2085,17398,19483,3014
115719,20583,6112,0.01084252,0.3,25826382,37745702,1489,444757,446246,482829
42186,10950,14594,0.02533638,0.27,11704800,43152468,1776,265798,267574,321890
32673,39568,49151,0.00031941,0.005,412947,9724260,10292,62700,72992,7110
119630,45305,2454,0.01084252,0.25,58765872,27799424,1077,398561,399638,347977
110718,29280,11136,0.00082487,0.15,2674171,48911206,11571,83429,95000,187367
94680,42028,2534,0.00031941,0.3,1271037,31950724,1112,16486,17598,40586
15680,14140,18518,0.01084252,0.1,2404173,26186650,6754,52143,58897,59118
126581,9573,4946,0.00013363,0.23,161935,10891312,323,8255,8578,15433
137014,11631,9552,0.00160539,0.15,2558512,16666296,1097,70902,71999,155939
63713,21323,23956,0.00182521,0.005,2479672,2554145,3219,96170,99389,22098
131999,47960,2813,0.00491597,0.13,31122087,17541515,1307,297009,298316,156862
95301,80545,1698,0.00860544,0.17,66056619,23258728,1615,276263,277878,178657
129193,32001,2580,0.00160539,0.005,6637235,412842,128,56737,56865,7359
91043,58971,20801,0.00019487,0.005,1046259,6133639,6685,61731,68416,10252
68035,27306,9442,0.00163948,0.01,3045896,2578516,2194,48953,51147,21264
13954,33818,38054,0.00082185,0.005,387836,6434699,6859,40601,47460,5194
102345,57425,700,0.00082282,0.15,4835921,6030907,237,8759,8996,12687
72890,27850,27190,2.09E-05,0.03,42386,22717755,7593,33305,40898,3124
21666,33248,5593,0.00952101,0.005,6858738,929873,370,54977,55347,10647
147234,74227,1712,0.00013363,0.2,1460409,25420363,1275,17746,19021,32416
96949,81327,14697,0.00160539,5.00E-04,12657865,597650,7227,462071,469298,5323
60693,58579,16756,0.00182521,5.00E-04,6489279,490778,5402,183805,189207,3489
17885,32715,8291,0.01084252,0.25,6344550,67818889,16266,70504,86770,91338
44105,91489,3582,0.00015297,0.13,617263,42614526,9924,7769,17693,14744
95374,20504,8198,2.09E-05,0.17,40832,28578981,1748,16632,18380,4380
71664,10810,29819,8.43E-05,0.2,65301,64471618,14107,33977,48084,48612
29238,38008,8068,0.00082282,0.05,914412,15333951,4305,18878,23183,25322
28673,37852,8958,0.00078778,0.07,855029,23738532,5980,22907,28887,35243
42644,63792,14611,0.00082282,0.07,2238381,65248083,16097,77926,94023,90697
70936,12075,11426,0.01084252,0.05,9287952,6899502,332,171191,171523,114664
94279,87168,2025,0.00108175,0.13,8889986,22954618,1059,51892,52951,44575
97095,6595,5699,8.43E-05,0.23,53979,8645910,360,6498,6858,4693
126403,24422,11234,0.00491597,5.00E-04,15176022,137190,3631,520835,524466,3897
82427,71610,25398,0.00160539,0.01,9476046,18187884,13193,485394,498587,152433
85711,12614,14683,0.00047003,0.25,508191,46305808,1965,38678,40643,126349
120766,40542,4210,0.00082185,0.25,4023904,42673213,1812,65729,67541,100237
86472,8947,13177,0.00952101,0.05,7366241,5894871,295,201178,201473,137219
54984,83377,6102,0.00034241,0.13,1569776,66141241,15104,18890,33994,56188
16371,15104,13267,0.00160539,0.25,396980,50101280,2177,28625,30802,38543
63724,95476,2057,0.00952101,0.25,57927529,49106905,2108,187425,189533,226254
100748,15470,15642,0.00952101,0.23,14839426,55657285,1981,591891,593872,507665
86957,48971,13485,0.01084252,0.03,46171710,19811745,15131,1366064,1381195,293261
5809,84755,1876,0.00952101,0.27,4688257,42949093,1589,13383,14972,18919
77698,6250,17920,0.00082487,0.3,400582,33602895,1237,32608,33845,128476
38606,87918,4883,0.00491597,0.005,16685899,2146730,5099,129739,134838,20147
66429,32330,13784,0.00047003,0.15,1009475,66849248,3029,52609,55638,123947
117618,10808,992,0.00108175,0.13,1375257,1394957,49,3975,4024,10514
42436,8516,26991,0.00013363,0.3,48295,68962861,2085,38248,40333,38728
145430,80648,3878,0.00031941,0.13,3746282,40663288,9772,65298,75070,103733
90087,69439,2220,0.00018467,0.2,1155221,30836400,1520,7314,8834,22565
138340,85490,3479,0.00082185,0.17,9719856,50563045,13476,116123,129599,138005
114462,63098,14564,0.00860544,0.005,62151931,4595101,14945,2535530,2550475,208736
86651,14625,2522,0.00013363,0.15,169353,5533435,126,4139,4265,4489
136355,32014,3182,0.00491597,0.07,21459785,7131926,332,230951,231283,95040
140006,72416,7045,0.00296184,0.1,30029388,51019636,18297,779620,797917,327001
53373,79021,8062,0.00047003,0.01,1982397,6371423,4352,33177,37529,14101
135369,2777,4545,0.00296184,0.25,1113521,3156135,63,14666,14729,57759
62466,4438,32038,0.00108175,0.13,299930,18486882,1269,33532,34801,84903
89687,14939,11773,0.00018467,0.15,247437,26384414,1539,23401,24940,33513
26933,53755,4812,0.00296184,0.17,4288244,43978008,10699,28233,38932,46048
55439,80579,1561,0.00182521,0.27,8153832,33966424,1236,20372,21608,35777
91142,12972,5935,0.00860544,0.25,10174449,19249592,430,138703,139133,185823
119981,16464,15334,0.00491597,0.23,9711217,58070574,1899,458290,460189,531187
29019,10514,24642,0.00296184,0.27,903732,69957326,15279,29169,44448,114034
114594,84115,1038,0.00034241,0.03,3300535,2619409,203,11110,11313,7428
86561,24401,3775,0.00082487,0.03,1742347,2763954,221,14531,14752,16184
31956,78638,13446,0.01084252,0.03,27247411,31722895,15310,523497,538807,125374
52888,85865,4136,0.01084252,0.005,49238999,1775691,10527,300885,311412,26473
93284,87084,5230,0.00034241,0.15,2781610,68321502,30600,32152,62752,63625
87996,78232,2474,0.00015297,0.27,1053073,52257739,2226,26646,28872,26724
88707,27388,1625,0.00056263,0.03,1366926,1335779,116,5868,5984,4582
143769,831,14638,0.00056263,0.3,67259,3651449,63,17163,17226,19677
109062,5263,9675,0.00047003,0.3,269817,15277662,210,14660,14870,55539
67532,50777,1204,0.00078778,0.13,2701416,7948751,184,5708,5892,11829
82627,55397,7160,0.00491597,0.05,22502235,19832457,9522,317837,327359,133713
13864,64032,10136,0.00018467,0.07,163951,45434242,11029,11387,22416,17626
9970,29796,19815,0.00047003,0.03,139639,17712984,5685,12982,18667,5670
27251,27654,2344,0.00182521,0.2,1375507,12964342,629,4463,5092,10235
63695,910,24354,0.00370564,0.27,214848,5985484,94,19367,19461,75294
142828,3260,12642,0.00296184,0.23,1379176,9479640,290,47136,47426,158105
7317,7278,26334,0.00031941,0.3,17012,57504538,2328,3034,5362,7713
86160,70311,3467,0.00182521,0.27,11057131,65827311,2006,111350,113356,135592
117473,19911,12853,0.00047003,0.17,1099416,43509121,1910,52321,54231,158593
55589,12127,32021,2.48E-05,0.1,16738,38832786,9084,31207,40291,3854
147025,66880,218,0.00370564,0.2,36438004,2922724,63,29148,29211,19855
74391,16007,7946,0.00296184,0.27,3526935,34342785,1259,58322,59581,134031
104630,9380,10427,0.02533638,0.15,24867579,14672396,331,565623,565954,341557
54758,12540,25519,2.48E-05,0.13,17051,41604103,9199,28312,37511,4272
20049,47038,2896,0.00082185,0.03,775081,4087193,1663,4304,5967,3742
147112,7137,7651,0.00082282,0.17,863924,9283280,177,22805,22982,75155
143793,94530,4731,0.00082487,0.13,11212368,58149374,15803,191913,207716,162516
10259,33362,19781,0.00056263,0.05,192576,32997732,9199,14593,23792,11940
12794,30404,11169,0.00491597,0.005,1912423,1698029,2360,28248,30608,7137
41716,1528,48939,0.00296184,0.15,188905,11223410,224,28094,28318,81853
110126,57098,2512,0.00952101,0.23,59868882,32993807,1363,397091,398454,322569
18148,18364,19419,0.00056263,0.17,187516,60629063,2642,34713,37355,40646
7063,59916,4350,0.00370564,0.23,1568345,59946608,13566,10452,24018,13803
39523,49021,420,0.00952101,0.3,18446961,6189340,90,11588,11678,15018
59727,21613,3717,0.00018467,0.2,238399,16068081,735,6688,7423,11422
76453,4896,13464,0.00296184,0.3,1108729,19777828,254,31597,31851,132734
117355,60103,17382,0.00108175,0.01,7630172,10447266,7862,402044,409906,99940
22975,2381,40471,0.00056263,0.2,30779,19273426,351,12276,12627,16051
46426,68796,19586,0.00163948,0.005,5236474,6737523,8025,171388,179413,38281
110231,10373,2591,0.00108175,0.23,1237009,6183070,104,9199,9303,30265
77644,42191,6829,0.00082185,0.1,2692352,28816240,7308,32064,39372,79089
68600,7338,28713,0.00108175,0.3,544610,63218078,1878,65269,67147,213241
75371,35441,10205,0.01084252,0.07,28963295,25317751,2259,498544,500803,257818
110825,21706,709,0.00491597,0.15,11826031,2309565,61,23694,23755,19994
10160,10643,36369,0.01084252,0.13,1172463,50321986,11588,47179,58767,63426
18458,7585,7211,0.00296184,0.13,414729,7111664,167,4401,4568,14536
105512,17486,14266,0.00034241,0.25,631755,62369043,1977,46866,48843,155289
41773,25567,33592,0.00491597,0.005,5250507,4294467,5307,270026,275333,54589
128996,668,6676,0.00370564,0.15,319550,669462,30,10414,10444,19749
89709,77798,10540,0.00860544,0.005,60059627,4100339,14065,1428584,1442649,129761
88998,25196,4008,0.00047003,0.15,1054009,15149256,809,12730,13539,37942
13862,37279,6454,0.02533638,0.2,13093716,48124760,1906,110954,112860,106123
69350,66165,24872,0.01084252,0.005,49752332,8228563,16882,1990662,2007544,224541
71370,29843,4520,0.00952101,0.1,20279199,13490858,1083,162903,163986,109000
90282,18060,8953,0.00082185,0.23,1340051,37192600,1533,35571,37104,111553
49777,36994,13170,0.00082487,0.07,1518990,34105783,8714,43302,52016,81733
124279,58082,2980,0.00182521,0.13,13175139,22507337,1586,140587,142173,101269
39334,25794,6628,0.00860544,0.23,8731065,39326111,1831,104661,106492,107602
7128,53948,5382,0.00370564,0.03,1425149,8712135,3039,11726,14765,5368
69289,39490,997,0.00860544,0.01,23546945,394054,79,39731,39810,7777
88522,83673,11253,0.00031941,0.005,2365859,4708172,5008,65857,70865,12608
22891,26710,6186,0.00182521,0.2,1116029,33050967,1524,10047,11571,23093
114694,60913,2437,0.00952101,0.3,66518534,44551133,1660,460694,462354,442399
103856,3453,7023,0.00018467,0.25,66239,6064228,145,7371,7516,9709
41358,4737,34011,0.02533638,0.2,4964527,32227261,1557,251656,253213,330888
145137,20818,863,0.00182521,0.17,5514892,3055598,109,16718,16827,23352
11952,74935,8091,0.00952101,0.005,8527475,3031693,4637,94930,99567,10416
36936,6590,2715,0.02533638,0.25,6167237,4474496,131,24347,24478,32803
68608,37745,6975,0.00108175,0.13,2801386,34226457,8483,32959,41442,76599
35337,40896,3533,0.00034241,0.17,494847,24566824,1385,4402,5787,19852
25995,9051,12183,8.43E-05,0.3,19833,33083781,1205,12506,13711,4889
114912,19521,9190,0.00013363,0.27,299762,48442173,2115,25965,28080,60091
51516,2445,32346,0.00163948,0.2,206540,15820150,791,23502,24293,80163
32152,41437,13492,0.00056263,0.01,749593,5590941,3655,23815,27470,9099
59398,50314,20177,0.00370564,0.001,11074702,1015194,6544,367280,373824,15863
80562,96020,7597,0.00082487,0.05,6380934,36477889,11011,109329,120340,115349
26093,30795,5503,8.43E-05,0.17,67732,28810313,1725,3253,4978,4411
13153,76904,23956,0.00860544,0.005,8704881,9211673,11673,285556,297229,36644
99388,95942,2157,0.00370564,0.01,35335477,2069510,1023,204750,205773,26649
36173,25067,26327,8.43E-05,0.05,76429,32997420,9208,30934,40142,14537
39842,1425,32746,0.01084252,0.3,615624,13999723,505,35894,36399,152135
116813,8656,13214,0.00182521,0.15,1845678,17158782,1175,62586,63761,173197
23399,92273,11825,0.00491597,0.05,10614466,54558606,16977,207179,224156,95641
127540,34581,6895,0.00296184,0.1,13063152,23844034,8514,295133,303647,197623
7929,9555,22561,0.00296184,0.15,224421,32336795,1514,8424,9938,18920
78524,34189,1356,0.02533638,0.27,68020463,12526240,329,156229,156558,188039
62222,59948,419,0.00952101,0.03,35514661,754069,68,23282,23350,5833
74122,41736,4434,0.00182521,0.07,5646540,12956914,5082,49504,54586,51100
118723,60359,1978,0.00034241,0.25,2453753,29854532,1263,21604,22867,33824
5211,22027,8867,0.02533638,0.13,2908344,25393712,1943,30528,32471,26308
37321,9144,21010,0.00056263,0.03,192024,5764014,2110,14720,16830,10135
38096,79519,12287,0.00296184,5.00E-04,8972688,488551,5520,177918,183438,3692
149249,28237,4499,1.65E-05,0.25,69581,31763777,1320,17961,19281,5847
146971,24597,2151,0.00108175,0.23,3910608,12169905,558,32406,32964,54953
37191,79610,13695,2.48E-05,0.05,73518,54513619,15035,16678,31713,5590
66504,78876,13818,0.00370564,0.05,19438339,54499296,18475,469914,488389,236937
97210,14396,17648,0.00296184,0.03,4145168,7622660,3364,178064,181428,132980
99651,19936,9663,0.00370564,0.23,7361879,44311901,1646,186192,187838,271436
70521,19135,12614,0.00370564,0.2,5000685,48278074,11667,113380,125047,222126
83451,63753,17257,8.43E-05,0.01,448446,11002092,6958,40558,47516,6454
57572,49419,13423,8.43E-05,0.1,239824,66339884,15448,44481,59929,38294
79855,32646,1287,0.01084252,0.03,28266198,1261417,113,65778,65891,18329
140937,17416,2260,0.00108175,0.01,2655309,393700,86,19156,19242,4033
114692,29598,3132,0.00078778,0.15,2674339,13907366,372,24516,24888,54248
123048,50105,6047,1.65E-05,0.13,101791,39389913,8988,24526,33514,6751
5814,74342,3779,0.00160539,0.15,693896,42147719,2044,6581,8625,5512
83689,6552,20717,0.00078778,0.25,432003,33938337,1425,37481,38906,142649
45989,23295,46367,0.00041097,0.05,440296,54008623,14524,70096,84620,104981
84372,12935,8310,0.00296184,0.3,3232427,32249286,1166,58082,59248,149046
78857,9775,6845,0.02533638,0.15,19530045,10037439,625,223636,224261,205157
85608,1185,16673,0.00491597,0.3,498919,5929883,90,23803,23893,116489
103489,82431,15848,8.43E-05,0.03,719056,39191679,12895,59461,72356,36326
89328,58272,4475,0.00296184,0.005,15417465,1304133,3962,157031,160993,24984
96243,11699,14317,0.00034241,0.27,385553,45227519,1851,31069,32920,106502
95026,34277,7110,0.00082282,0.07,2680162,17061553,4883,48372,53255,79110
42629,10613,23673,0.00296184,0.005,1340071,1256277,1774,48493,50267,11341
96630,63544,2636,0.00491597,0.15,30185858,25131143,1557,222254,223811,135057
34934,38196,2189,0.00860544,0.23,11483048,19234364,846,38554,39400,42885
31340,38485,10214,0.00860544,0.15,10379285,58966077,15689,157551,173240,148568
45245,62446,3331,0.00078778,0.3,2225849,62409776,1756,11882,13638,32779
102673,87802,1960,0.00015297,0.15,1379024,25825028,1707,15328,17035,22402
106716,6058,15324,0.00019487,0.17,125985,15782445,851,18437,19288,23662
31480,1049,11999,0.01084252,0.25,358152,3147868,60,8320,8380,36401
57166,65266,21849,0.00952101,0.001,35522954,1426006,12181,1227013,1239194,48914
46187,781,41982,0.00163948,0.27,59198,8861628,127,18625,18752,39425
31416,31011,14088,0.00182521,0.13,1778248,56798857,3154,61996,65150,76516
123355,5859,13526,0.00296184,0.13,2140997,10304400,306,79657,79963,179412
53856,28318,20410,0.00015297,0.07,233303,40459631,10294,34614,44908,31084
3712,6927,29965,0.00370564,0.13,95307,26986123,6157,5683,11840,16268
29658,13200,25169,0.00015297,0.17,59889,56482074,2310,35322,37632,28430
60567,40756,26601,0.00082282,0.05,2031142,54208257,15429,110324,125753,178256
81030,77505,13691,2.48E-05,0.05,155941,53058717,14594,42930,57524,9565
64024,3783,14414,0.00031941,0.2,77376,10908429,182,10723,10905,14163
36628,54430,39270,0.01084252,0.01,21616675,21375423,17307,1314669,1331976,199920
34417,1747,45555,0.00182521,0.05,109755,3979659,201,18585,18786,16654
61712,4078,13587,0.00082185,0.27,206835,14961461,246,12740,12986,47698
9633,54419,3999,0.00018467,0.23,96810,50056127,10912,3083,13995,4361
101444,16282,11489,0.00182521,0.01,3014850,1870724,1772,89134,90906,25286
72860,65820,10732,0.00860544,0.03,41269493,21192706,14746,744925,759671,213040
31373,18572,14582,0.00013363,0.17,77862,46040037,10266,7017,17283,22668
55104,10152,26318,0.00078778,0.03,440706,8015772,2666,29525,32191,27268
105402,14956,1559,0.00056263,0.23,886957,5363109,249,5159,5408,18145
140088,93435,867,0.00108175,0.23,14159292,18648147,822,46808,47630,43520
41574,22345,48113,0.00160539,0.03,1491395,32252961,18278,118470,136748,138060
40299,18926,19782,0.00082487,0.17,629160,63650958,14070,21550,35620,100335
26180,27785,16712,0.02533638,0.01,18430818,4643631,6059,455639,461698,63892
113349,51649,8420,0.00296184,0.1,17340073,43493487,13920,447731,461651,276452
113168,68505,1672,0.00019487,0.25,1510772,28650228,1178,6627,7805,26317
52223,73235,2648,8.43E-05,0.2,322375,38790803,1982,4320,6302,10907
19408,1386,21340,0.00108175,0.17,29119,5031535,107,4702,4809,5411
60730,16223,16481,2.09E-05,0.15,20571,40107448,1925,23220,25145,4023
45527,5045,18417,0.00082282,0.15,188993,13937699,331,14039,14370,33180
46335,1695,23114,0.00082282,0.13,64656,5095780,163,10664,10827,12660
16715,24577,48863,0.00082487,0.005,338888,6004768,6399,40007,46406,7005
72968,14507,20982,0.00047003,0.005,497561,1522015,1929,28617,30546,3659
142586,4318,12859,0.00019487,0.23,119994,12772463,194,18603,18797,24670
86838,9468,13748,0.00056263,0.17,462599,22130378,1258,27303,28561,78186
129002,34588,16176,0.00019487,0.01,869514,5595155,3645,46965,50610,12933
79078,16351,11937,0.00056263,0.17,727491,33182887,1883,32763,34646,98633
39883,47133,23406,0.00108175,0.001,2033552,1103223,5554,74286,79840,3267
123501,14829,9360,0.00018467,0.15,338220,20822730,1287,22228,23515,40837
14103,73470,12195,0.00078778,0.01,816312,8960188,5661,22412,28073,11229
50306,11135,2303,0.00370564,0.23,2075802,5899152,154,6687,6841,21197
35836,24232,6056,0.00082185,0.03,713690,4402905,1758,9135,10893,9759
133475,98824,8825,0.00013363,0.05,1762667,43609990,12158,62726,74884,67538
78366,10506,5314,0.00047003,0.3,387003,16751582,622,12158,12780,34916
133870,85107,6374,0.00108175,0.001,12324834,542527,4356,275225,279581,8386
15715,40226,9712,0.02533638,5.00E-04,16017199,195342,4237,212364,216601,3759
85870,64383,3022,0.00160539,0.01,8875600,1945748,2843,63006,65849,18973
149508,3241,14350,0.00108175,0.13,524280,6047541,189,30752,30941,65324
83522,10329,5803,0.00013363,0.25,115287,14986207,642,7778,8420,11870
146116,15989,8028,0.00013363,0.3,312211,38513493,1397,27881,29278,62497
35009,9682,18090,0.00041097,0.15,139309,26274117,1630,18428,20058,28340
77302,26516,16055,0.02533638,0.005,51934008,2128684,11231,1309572,1320803,156279
75134,12373,2399,0.00056263,0.13,523066,3859369,184,4234,4418,11660
6396,82890,4941,0.00860544,0.17,4562864,69639056,16634,31349,47983,32162
90433,16613,12022,0.00031941,0.17,479903,33954848,2083,31790,33873,75134
65704,32754,5418,0.00041097,0.3,884460,53241882,2089,29828,31917,56699
46498,92174,22576,0.00056263,0.01,2411438,20810150,13401,108724,122125,46109
67996,74079,25691,0.00082185,0.005,4139756,9515970,10883,193726,204609,45662
134117,56959,3187,0.00056263,0.17,4298113,30869237,1793,55633,57426,83940
14088,40146,9306,0.00018467,0.05,104447,18680935,4955,6945,11900,4230
9428,79619,3270,0.01084252,0.17,8139530,44265384,11854,35959,47813,34246
14207,68075,5440,0.00019487,0.1,188471,37033719,8702,6835,15537,6235
75829,19839,6834,0.00047003,0.23,707123,31187796,1353,16901,18254,56670
58668,24638,17499,0.00015297,0.1,221120,43117639,10197,30209,40406,26881
45899,68790,21627,0.00018467,0.03,583089,44633018,14654,53557,68211,41914
1848,64745,16631,0.00056263,0.05,67333,53840833,15047,12493,27540,4246
110773,70145,9952,0.00013363,0.01,1038344,6981359,4524,34606,39130,10493
80589,17498,3604,0.00082487,0.1,1163260,6306695,524,10013,10537,25353
60033,5445,19816,0.01084252,0.1,3544630,10791564,402,111165,111567,160081
47657,37735,34926,0.02533638,0.05,45564267,65898346,26232,2443637,2469869,705458
114591,3158,7411,0.00034241,0.2,123935,4682145,116,8646,8762,13073
147238,54911,7528,0.00296184,0.005,23946767,2067108,6237,676385,682622,69058
27913,2456,40722,0.00082185,0.3,56347,30007520,1014,18590,19604,41676
82569,34669,1964,0.00160539,0.07,4595645,4767716,681,22599,23280,24767
26689,24945,10348,0.00082282,0.13,547816,33558389,7775,10804,18579,33941
126844,9195,7845,0.00860544,0.23,10037895,16593706,254,235619,235873,275244
35502,24051,4006,0.00370564,0.005,3164192,481860,1289,18176,19465,3600
99035,1713,8476,0.00370564,0.01,628689,145215,38,15490,15528,3000
47609,17518,6995,0.00018467,0.15,154020,18381625,1154,9894,11048,10680
15716,2209,30840,0.00491597,0.23,170693,15671446,232,12087,12319,49719
90031,42915,12382,0.00860544,5.00E-04,33249145,265703,7983,938475,946458,18425
92784,3657,10555,0.00491597,0.07,1668300,2702430,135,36429,36564,69169
72808,7536,17654,0.00160539,0.01,880926,1330565,1176,33094,34270,11742
48234,38463,11680,0.00491597,0.15,9120364,67391809,17831,167870,185701,185310
29071,47644,32600,0.00019487,0.005,269912,7766110,8156,42208,50364,3136
70405,70789,18242,0.00491597,0.01,24501130,12913979,12807,754033,766840,173860
108206,17348,17904,1.65E-05,0.15,30993,46592178,10593,32045,42638,7177
47984,11376,32542,0.00018467,0.15,100812,55533733,2760,43254,46014,52002
57185,54797,7778,8.43E-05,0.05,264131,21313253,5855,18117,23972,8250
108780,87037,3489,0.00078778,0.005,7458617,1518731,2891,77276,80167,13113
108694,4562,8293,0.00182521,0.1,905216,3784246,146,19948,20094,48441
73775,21308,10383,0.00108175,0.15,1700523,33188048,7942,37852,45794,116107
134344,70936,12491,0.00370564,0.03,35314202,26582231,15813,1552728,1568541,337141
94025,48230,6778,0.00082185,0.17,3727057,55580602,2365,85333,87698,118636
64727,24398,9444,0.00041097,0.3,649017,69131561,2115,46482,48597,71921
55613,22163,18833,0.00015297,0.13,188550,54264914,12606,32687,45293,44369
121529,30410,5983,0.00370564,0.23,13695378,41849822,1687,267728,269415,285551
55830,57401,36756,0.00018467,0.01,591827,21098951,13280,74679,87959,20522
145427,2617,6079,0.00370564,0.25,1410590,3978226,71,24438,24509,94940
21847,12959,27956,0.00160539,0.13,454553,47099860,16162,30363,46525,81903
102049,59862,757,0.00860544,0.3,52569961,13603705,337,102311,102648,105282
122009,43256,15992,0.00056263,0.001,2969398,691785,3853,137736,141589,3010
7477,74246,8160,0.00056263,0.1,312379,60586863,13941,11437,25378,8585
3304,87024,2203,0.00370564,0.13,1065607,24929437,1744,5461,7205,3806
31988,35124,7572,0.00082282,0.15,924518,39896408,8993,11563,20556,38450
52997,59347,18456,0.00163948,0.005,5156583,5476661,6497,157879,164376,34037
39809,16387,8566,0.00182521,0.07,1190744,9826828,439,17921,18360,33282
22403,63795,26881,0.00082487,0.03,1178949,51448535,17421,57816,75237,57760
24576,25126,48683,8.43E-05,0.05,52051,61162927,16533,46382,62915,23141
22084,19077,47798,0.00163948,0.005,690756,4559461,5027,53955,58982,11610
131957,57529,5698,0.00296184,0.15,22484692,49174524,2278,451091,453369,284663
101773,66197,4228,4.64E-06,0.25,31260,69978179,15479,4685,20164,3407
139418,13043,14408,0.00108175,0.27,1967151,50741036,2076,92645,94721,285744
126406,52269,6702,0.00047003,0.17,3105554,59560352,2471,79255,81726,145200
127148,16270,4320,0.00108175,0.2,2237850,14058140,615,26738,27353,77931
105338,18403,7308,2.09E-05,0.25,40477,33625627,1323,19112,20435,5371
117448,25664,11411,1.65E-05,0.23,49765,67357941,2403,38105,40508,10190
140433,42083,8565,0.00860544,0.13,50857044,46859173,2469,1424733,1427202,687641
58182,38661,6290,0.00019487,0.15,438343,36481471,1736,22487,24223,31320
108087,12610,3734,0.00041097,0.3,560157,14129721,247,9354,9601,35120
138847,26064,5323,0.00078778,0.03,2850930,4162554,1137,46113,47250,34498
100883,19361,2857,0.00041097,0.27,802715,14939784,600,8761,9361,33885
133909,29650,11143,0.00952101,0.17,37802616,56171555,2451,1303947,1306398,816153
90314,79836,19085,0.00082185,0.03,5925899,45711071,15885,278657,294542,206115
70094,61867,23852,0.00182521,0.005,7915102,7378372,9167,317594,326761,69313
104040,52796,11297,1.65E-05,0.1,90689,59646665,13834,40079,53913,9198
143145,6771,14880,0.00013363,0.25,129536,25192654,1025,27596,28621,39018
85454,49826,824,0.00047003,0.07,2001331,2875681,213,3432,3645,6517
73228,31311,712,0.00182521,0.03,4184969,669062,65,5549,5614,4353
27990,14511,16266,0.00163948,0.13,665920,30686207,1621,28554,30175,55084
63926,58698,21431,0.00047003,0.03,1763726,37740518,12720,86094,98814,101397
127492,67894,8994,0.00019487,0.07,1686812,42746615,10729,58923,69652,86096
116957,18109,5848,0.00491597,0.15,10412286,15887125,359,181132,181491,164020
117129,37728,9504,8.43E-05,0.1,372484,35857637,8341,31138,39479,34186
58500,72396,2366,0.00491597,0.3,20820430,51394195,2051,77516,79567,113845
78441,27920,14057,0.00952101,0.13,20851937,51025114,2700,520580,523280,434655
136233,91496,888,0.00082185,0.05,10244319,4062949,209,35740,35949,18203
25845,6614,29098,0.01084252,0.2,1853575,38494486,1928,78693,80621,146114
94177,8312,10788,0.00031941,0.25,250056,22421007,897,19914,20811,56150