lr,lc,rc,ld,rd,lnnz,rnnz,sp_right_todense,sp_smdm,bz_smsm,bz_right_todense,bz_smdm
23958,30459,9786,0.00160539,0.0005,1171533,149043,1739,18166,327,1806,65802
93573,25256,1200,0.00018467,0.3,436441,9094265,130,1689,11108,167,4556
97366,33288,5958,0.00056263,0.13,1823595,25785518,1965,32623,76241,1549,73181
111378,72781,427,0.00031941,0.1,2589238,3112395,294,2602,5080,105,7988
59952,21759,2384,0.00041097,0.001,536122,51888,78,3163,105,96,8762
37277,6335,8305,0.00015297,0.2,36129,10524778,182,5402,4022,131,6577
122335,65522,2027,0.00041097,0.25,3294205,33216643,1439,31856,50312,437,47826
85283,55401,5954,0.00001651,0.13,78006,42884765,9518,22248,5405,9454,10935
88648,49392,11945,0.00296184,0.005,12968430,2949991,5332,339996,53227,2583,908915
70008,34309,14445,0.00056263,0.001,1351438,495625,2704,37703,1144,2828,120098
78717,99615,6291,0.00015297,0.05,1199504,31338809,8887,20561,33460,2524,67547
39049,43377,14025,0.00031941,0.03,541033,18252082,5988,25706,20547,5656,56943
106348,17623,17965,0.00491597,0.13,9213441,41159621,20738,450878,412629,1615,1040685
58019,54547,17077,0.00108175,0.07,3423537,65207439,16438,117021,167477,4597,346210
10758,50741,4283,0.00002483,0.0005,13554,108676,1394,1458,14,1397,2214
126899,52210,12948,0.00182521,0.07,12092788,47322584,14243,538814,309445,3329,1095508
133764,1840,9040,0.00078778,0.15,193897,2495264,67,12577,18996,48,22902
132278,48224,8077,0.00047003,0.15,2998367,58429137,2873,91196,174315,1986,179515
17639,14561,16707,0.00160539,0.13,412379,31628398,7600,23214,36391,847,40532
131403,43733,7722,0.00008429,0.1,484397,33774444,7957,29621,34386,998,51936
15728,31500,45522,0.00860544,0.03,4263462,43019639,15177,247887,116536,12620,1004111
87003,95285,15346,0.00182521,0.0005,15131430,731149,8915,518363,7771,8429,1384577
122724,61616,2796,0.00031941,0.3,2415325,51698106,2074,37265,65907,659,50682
74841,20268,16085,0.00047003,0.005,713008,1630128,2023,28133,3420,1925,78066
134987,39791,9266,0.00018467,0.13,991923,47932957,10982,43903,101564,1890,94968
10566,5335,13442,0.00013363,0.3,7534,21517895,774,1104,2349,163,2094
71329,11594,216,0.00082185,0.15,679696,375814,27,386,1104,18,990
62177,74537,22036,0.00082487,0.001,3822919,1642560,8192,142660,7235,8338,477252
108666,10740,19512,0.00078778,0.17,919427,35627383,1377,58888,188507,1085,134550
32231,80720,577,0.00160539,0.3,4176859,13985604,184,3975,6960,194,13110
68306,38201,16043,0.00082282,0.03,2147067,18386741,6560,65256,71795,2871,203576
1609,92929,20795,0.00860544,0.0005,1287247,966261,8859,52391,970,8888,163467
11006,60966,19826,0.00013363,0.03,89670,36262371,11945,16860,4244,11339,25102
91522,11923,20111,0.01084252,0.0005,11831944,119900,3039,537932,7852,310,1375666
49714,63275,30456,0.00000464,0.001,14595,1927119,8752,27714,68,8787,36816
71595,49258,560,0.00082185,0.13,2898403,3589833,295,3019,6040,121,9778
1984,4188,24646,0.00018467,0.27,1535,27870926,1094,546,812,6525,1102
127563,20198,2442,0.00018467,0.0005,475808,24668,72,5620,52,110,12295
44293,66924,333,0.00031941,0.2,946823,4463286,131,762,1989,60,2047
22540,17971,26056,0.00041097,0.005,166477,2341351,2587,16210,1305,2699,35147
73287,5810,17923,0.00015297,0.3,65139,31243081,1109,23323,27410,252,26727
80348,24008,14712,0.00002483,0.13,47897,45919803,10382,29203,7599,10193,35508
83116,9119,5696,0.00015297,0.2,115948,10389143,544,6610,12743,284,11635
29735,25167,22174,0.00082282,0.1,615772,55808823,13127,24557,84354,2009,83378
2509,8267,27929,0.00082185,0.0005,17048,115445,1443,3294,22,1459,5952
28028,50464,6709,0.00047003,0.001,664830,338574,2005,11631,347,2051,30040
105970,16771,5723,0.01084252,0.2,19270355,19197223,930,289737,206628,203,669562
53708,99995,1909,0.00018467,0.13,991788,24821230,1790,5212,11047,560,14326
61905,48731,4252,0.00047003,0.005,1417981,1036045,1534,12748,2060,1540,37657
87267,52848,3087,0.00002088,0.001,96297,163188,731,5263,39,719,7065
9330,12165,12704,0.00860544,0.13,976794,20092750,1418,14372,20215,347,66162
49255,32636,13889,0.00491597,0.03,7902553,13599335,6269,178259,93289,2125,577927
42258,16391,1112,0.00182521,0.01,1264237,182419,46,2179,856,37,7926
8481,44708,6048,0.00078778,0.23,298728,62197325,2114,5911,8077,1404,13311
35773,24749,7821,0.00047003,0.17,416149,32907979,1955,16704,33173,737,21563
66341,87385,9302,0.00001651,0.07,95713,56904020,14085,33930,6221,13112,40835
66173,57686,8764,0.00952101,0.13,36344782,65725864,22041,494480,375822,980,1661037
7297,11850,43501,0.00160539,0.03,138831,15465088,5091,15784,17138,5266,23733
5061,15877,14085,0.00013363,0.15,10739,33546064,1501,2091,1814,7498,3219
109258,67641,5832,0.00013363,0.13,987586,51286831,17851,36256,59694,937,49397
17199,84760,1995,0.00296184,0.03,4317875,5074350,2624,12606,5466,2904,46731
9314,7419,13478,0.00163948,0.2,113298,20000240,972,3179,17268,403,9750
103198,28821,2863,0.00296184,0.001,8809386,82530,113,67354,1437,2676,158680
43659,47194,33980,0.00002088,0.03,43023,48110586,16138,45903,4012,14776,58407
14569,13356,16170,0.02533638,0.23,4930456,49677774,1722,121426,131364,445,402422
34130,54768,3405,0.00370564,0.005,6926936,932440,2197,34513,6438,2199,123200
82597,83646,2519,0.00013363,0.03,923240,6321702,2253,9988,5640,2203,20928
19758,28427,18679,0.00078778,0.001,442480,531023,2853,18426,516,2908,53902
81348,588,14173,0.00491597,0.01,235532,83476,28,13654,1381,21,29384
69420,40962,10465,0.00952101,0.13,27074371,55732444,2936,477717,367858,1563,1484124
47177,78811,6596,0.00019487,0.0005,724542,259940,2804,15381,219,2820,36320
106859,15350,569,0.00041097,0.05,674136,437283,45,1118,1319,30,3102
46367,11048,135,0.00491597,0.17,2518299,253986,24,552,862,16,1828
4057,67762,26834,0.00031941,0.01,87815,18184051,11173,23794,1733,11109,33773
43333,88804,1885,0.00002088,0.25,80349,41864390,1707,2356,3203,795,4409
33895,53317,26714,0.00370564,0.01,6696942,14243336,9908,280837,92404,7007,940945
46756,53769,7584,0.00160539,0.01,4036030,4078138,3177,50471,20217,3312,169611
98966,87945,14688,0.00370564,0.0005,32252780,645897,15404,1176893,20294,10230,2889740
124226,83003,2310,0.00370564,0.23,38209922,44118447,2102,312134,224158,442,627928
9619,43777,19845,0.00108175,0.001,455549,868786,4344,22841,654,4337,60811
16232,10652,12684,0.00182521,0.05,315616,6756092,1138,9375,13849,501,26545
116115,98118,11052,0.00031941,0.05,3639059,54223806,15441,131108,150395,5345,335026
66177,6349,17332,0.00952101,0.1,4000474,11004602,979,117138,158641,324,373265
64050,5188,31464,0.00013363,0.13,44408,21222444,1486,25896,17247,591,35953
7082,51415,40783,0.00015297,0.005,55707,10484603,10986,25949,888,10904,39735
54135,41752,38273,0.00041097,0.001,928910,1598008,7508,77480,2403,7523,228251
110661,20042,1144,0.00031941,0.23,708415,5275053,238,3864,12804,137,6871
32780,23130,17094,0.00000434,0.15,3290,59309957,13602,4995,978,2018,24787
125416,14326,3,0.01084252,0.1,19481042,4681,8,242,131,6,416
106078,18553,6299,0.00018467,0.17,363448,19870443,1072,16240,30888,930,29729
95437,99103,2109,0.00296184,0.25,28013575,52252550,1746,156278,155610,1094,349853
39597,80778,1805,0.00001651,0.2,52809,29176245,1448,1833,1766,763,2910
84667,17519,6750,0.00160539,0.2,2381336,23654003,1116,39785,97186,368,96990
82848,70924,10716,0.00002483,0.005,145901,3800364,4140,21478,633,4104,28434
31526,11513,45258,0.00182521,0.07,662517,36475921,9053,60132,123332,2585,182304
78312,23565,7906,0.00015297,0.3,282301,55892512,2063,27884,49600,724,20260
25202,25620,6199,0.00082282,0.0005,531287,79412,1208,7202,122,1232,20378
34422,86478,23247,0.00163948,0.0005,4880418,1005186,9759,179926,3565,10006,620209
14144,5309,15737,0.00000434,0.27,325,22561902,846,10311,226,5912,1008
44358,16271,11685,0.00082487,0.005,595392,950746,1464,14507,2300,1474,44062
76873,97636,16492,0.00370564,0.03,27813025,48309209,21021,758392,275059,7520,2508700
70658,18099,4270,0.00002088,0.001,26703,77287,353,3727,20,342,4804
32360,2665,45187,0.00031941,0.07,27555,8432644,384,15278,8023,506,23679
147394,27458,5779,0.00041097,0.2,1663311,31738071,1715,37904,111812,323,75733
10221,419,21333,0.00082282,0.01,3526,89447,29,2007,56,22,2234
56692,88821,2138,0.00860544,0.2,43333045,37984798,1821,141707,137663,498,478550
70273,19995,29949,0.00056263,0.005,790577,2994283,3374,52735,9217,3370,155576
17525,66539,8771,0.00031941,0.03,372484,17509862,5675,12275,6741,5422,26041
1009,17035,19372,0.00296184,0.17,50953,56103796,12332,5723,3722,1703,8607
60971,35514,27626,0.00000464,0.01,10047,9811375,6175,23910,416,6095,29026
6600,8834,39569,0.00015297,0.13,8920,45445522,9943,3843,3418,1782,24097
130616,24944,4186,0.00002088,0.1,68030,10442452,939,7763,2516,2727,10223
92509,84398,3068,0.00370564,0.13,28932221,33670638,1736,227271,138693,13384,531111
52822,18225,38829,0.00000464,0.005,4467,3538562,3778,20375,104,3885,24010
139925,7761,5943,0.00182521,0.2,1982194,9226373,229,32392,98226,105,85717
99742,15952,1883,0.01084252,0.2,17252080,6010094,110,77389,63084,369,195418
8213,29864,12338,0.00860544,0.1,2110867,36848979,8753,31597,26626,8717,137046
148295,70586,10233,0.00008429,0.07,882313,50562229,12317,53066,81853,3552,106411
106369,78741,8068,0.00001651,0.01,138282,6353193,4036,18655,950,4092,25967
34773,1693,11903,0.00056263,0.001,33132,20159,35,4179,28,30,6550
102483,8370,9648,0.00000464,0.0005,3980,40382,362,7072,13,355,7036
79098,33153,27005,0.00296184,0.03,7767106,26859588,10341,375972,258493,4139,1155489
29129,30290,17065,0.00182521,0.07,1610458,36185243,9427,52251,70980,2378,151100
143150,93278,87,0.00034241,0.0005,4572144,4072,17,1409,36,13,3100
2642,15576,26398,0.00008429,0.15,3469,61676811,13214,2179,1659,13094,3552
88999,13706,10833,0.01084252,0.0005,13226192,74244,253,312668,3125,235,822523
145855,29838,5432,0.00034241,0.27,1490188,43763326,1661,37058,111561,605,65790
119691,59648,8692,0.00000464,0.0005,33126,259236,2737,13977,27,2749,18089
5045,25567,931,0.00860544,0.1,1110180,2381508,96,1414,1159,61,5623
96800,66343,67,0.00491597,0.25,31570600,1117164,36,5669,5305,25,13463
43568,87023,12162,0.00370564,0.005,14049825,5292307,8049,265570,52623,6560,898034
141319,77728,4482,0.00296184,0.05,32534593,17419100,10929,517638,154983,1679,1035063
89197,17394,20382,0.00082185,0.0005,1275105,177266,2082,55530,626,2114,172556
144418,7770,9316,0.00056263,0.3,631369,21718658,834,28369,115501,162,53416
33410,61523,6558,0.00491597,0.001,10104867,403493,3170,96017,3650,3679,343975
4614,77191,1977,0.01084252,0.17,3862101,25955135,1478,10540,10112,783,40826
149498,24663,3553,0.00056263,0.15,2074507,13144557,346,23376,63658,200,57461
137841,16598,5004,0.00182521,0.23,4176065,19105917,801,73356,124723,181,152258
4425,2806,3070,0.02533638,0.15,314627,1292552,45,1134,1932,32,5014
87906,15292,10524,0.00860544,0.15,11568360,24140834,1473,264982,254112,580,696417
105169,78939,2704,0.00002088,0.23,173346,49111665,1671,23063,8876,10318,7369
32496,6653,19458,0.00031941,0.27,69056,34953644,1218,18635,28851,299,13626
115721,77929,1260,0.00019487,0.15,1757358,14735341,349,5965,18148,932,17815
89836,36122,107,0.00015297,0.01,496399,38889,17,226,130,12,478
46787,1840,40047,0.00182521,0.25,157185,18428395,784,24374,94023,162,49823
145403,12494,13366,0.00952101,0.05,17296615,8350087,1386,724115,296666,570,1588258
54821,11573,4809,0.00860544,0.15,5459856,8349149,175,42089,49837,297,137065
28436,5810,37630,0.00952101,0.13,1573159,28424557,6758,80272,154166,1126,310728
94130,40069,19510,0.00018467,0.07,696528,54724088,13340,59630,80462,3791,130979
46606,75002,22719,0.00047003,0.001,1643041,1704005,8075,72908,2407,8209,228202
44963,93459,20068,0.01084252,0.005,45563041,9377768,18210,1373875,127754,14619,4720649
99321,47329,4093,0.00163948,0.17,7707002,32939353,1945,92154,107355,385,201379
20142,43299,10915,0.00108175,0.001,943484,472638,2570,18897,692,2586,62126
22290,3628,41455,0.00056263,0.27,45499,40608411,1561,23056,44552,534,19101
37323,42190,40215,0.00860544,0.03,13550901,50900603,19943,831271,242055,7956,2903080
70266,23925,8549,0.00182521,0.23,3068395,47046079,1595,61616,135220,1092,152603
108176,10277,16847,0.02533638,0.01,28169438,1731551,330,1046768,195786,241,1219710
18623,36187,9617,0.00370564,0.15,2497381,52205458,12587,31280,41727,11893,130844
45554,44248,4608,0.00370564,0.23,7469617,46903538,1439,74242,80066,1068,195790
57621,24396,20707,0.00002088,0.03,29351,15155164,4840,21136,1433,4770,26717
63185,35864,30908,0.00034241,0.05,775950,55426907,15032,75389,104589,5371,180799
39684,35674,39856,0.02533638,0.0005,35870059,710931,12550,2049867,44884,10804,7503112
145742,7273,5457,0.00041097,0.15,435646,5954690,132,11524,27591,92,24668
104935,30190,2283,0.00160539,0.2,5085929,13788125,286,34394,49699,372,78718
62516,9071,33530,0.00031941,0.005,181142,1520859,1783,27333,2176,1911,57706
104687,62677,694,0.00031941,0.15,2095829,6529094,141,3692,9602,198,11534
48661,61929,2487,0.00047003,0.1,1416474,15405282,1447,6383,18750,636,22355
104636,18989,7540,0.00034241,0.15,680376,21477432,1269,23942,63377,289,45176
15239,2305,16071,0.00952101,0.23,334514,8522074,140,9024,27148,209,29781
38625,18083,33855,0.00182521,0.03,1274885,18366819,6288,72861,89916,2912,250530
2674,8224,46590,0.00000464,0.005,102,1915940,2293,1898,36,2562,3091
99120,5167,1758,0.00182521,0.15,934917,1362866,72,4727,14781,33,12013
2006,23895,5687,0.00000434,0.23,208,31258000,1401,488,218,290,884
127421,28581,11899,0.00082185,0.2,2993060,68021844,2588,125348,274334,1777,268603
5977,61918,23382,0.00860544,0.03,3185260,43435153,15387,103455,31954,13891,407728
28622,6023,25782,0.00056263,0.17,97005,26401930,1479,18654,33049,319,26952
42031,2756,44667,0.00001651,0.005,1912,615653,586,12771,49,570,12966
35424,35266,7029,0.00018467,0.03,230702,7437151,2579,9904,3588,2449,16525
13856,26984,16641,0.00491597,0.005,1838207,2245358,2883,39979,10679,2684,169514
73949,38630,8852,0.00047003,0.15,1342750,51297811,11968,44968,89912,1360,75818
124497,22197,8624,0.01084252,0.15,29963611,28716034,1894,756963,490478,423,1760519
11974,96365,2108,0.00082185,0.1,948369,20321664,4998,5377,4281,5036,13501
57272,32313,4744,0.00082487,0.001,1526582,153298,1190,13916,483,1230,44144
113741,52296,7952,0.00000464,0.13,27600,54062954,12650,31803,3114,2111,37494
62475,50142,11853,0.00108175,0.05,3388772,29718924,8517,80268,106456,2918,241329
86495,75793,20085,0.00182521,0.0005,11965655,761169,8795,528523,10871,8783,1460959
67778,67468,17886,0.01084252,0.03,49582161,36203817,21693,1430273,354393,5666,4727456
73727,50453,6133,0.00108175,0.01,4023863,3094590,2564,46393,17650,2245,144060
72079,1234,3739,0.00078778,0.01,70076,46150,20,2920,157,14,4650
10952,3956,8948,0.00001651,0.13,715,4602195,210,1890,114,154,2297
90302,41868,6013,0.00018467,0.005,698195,1258961,1732,13918,1582,1733,36181
60740,33953,7347,0.00015297,0.27,315475,67355810,2008,33219,34511,1319,38176
134395,43005,4828,0.00002088,0.25,120680,51907729,1736,25594,23945,430,20076
55019,25927,22439,0.00047003,0.001,670493,581801,3152,34083,1038,3171,100571
109214,23235,5850,0.00001651,0.0005,41896,67969,618,7451,21,615,9656
149203,49223,567,0.00002483,0.27,182358,7537001,113,1078,2096,103,3393
34264,81904,19554,0.00001651,0.001,46333,1601620,7439,22685,110,7647,31564
142067,99650,3320,0.00041097,0.13,5818115,43014289,2385,85335,89320,713,156235
35653,6548,47490,0.00000464,0.01,1083,3109841,2047,13345,69,2165,13457
128491,37633,503,0.00041097,0.1,1987310,1893656,73,2780,6004,61,7840
107692,15376,5400,0.00000434,0.3,7186,24912778,912,12887,1017,5439,8981
91878,79011,1585,0.00047003,0.3,3412190,37577321,1322,12034,31053,663,35166
148744,14195,4049,0.00082185,0.25,1735369,14372376,264,21401,79891,135,53723
36353,21627,4686,0.00182521,0.001,1435068,101355,908,10775,356,976,38269
39057,65714,5064,0.00002088,0.001,53592,332806,1911,6692,44,1921,9069
63893,98092,2131,0.00000434,0.3,27201,62710725,13637,2268,1969,1107,3724
51691,40676,21979,0.00491597,0.0005,10336477,447028,5503,357254,8025,5563,1185490
5706,26934,498,0.00491597,0.3,755606,4026252,150,616,979,44,995
16560,96414,1932,0.00002483,0.3,39645,55890336,2261,1355,2272,984,2287
129946,5515,621,0.00047003,0.23,336907,789059,32,1068,2839,41,2241
131355,2093,9379,0.00952101,0.03,2617806,588994,58,58983,44833,54,165750
12640,140,45958,0.00182521,0.13,3251,841882,37,4370,804,27,4864
23823,4098,31372,0.00082185,0.13,80255,16717387,1163,14660,25260,321,24623
79806,43266,11330,0.00160539,0.13,5543327,63733088,3309,139780,203480,2488,357598
134593,43061,8367,0.00108175,0.13,6269567,46841184,12142,188265,205587,1827,378241
63560,8853,14455,0.00002088,0.05,11749,6399018,1101,9641,622,2103,10929
1845,30962,44492,0.00952101,0.005,544057,6888066,7506,41238,5525,7210,141780
137127,18850,4795,0.00002088,0.13,53972,11750734,266,9416,2596,469,11346
21271,9831,27835,0.00001651,0.1,3452,27365508,6441,15338,883,6776,13209
47319,157,9674,0.00160539,0.23,12002,351561,26,3666,1264,16,4760
41847,20929,6892,0.00491597,0.1,4305644,14424885,1263,50113,43913,477,155025
41029,74071,14479,0.00491597,0.03,14940441,32175416,13377,324280,98583,4829,1135680
47220,24989,19836,0.02533638,0.05,29897665,24784903,2747,881988,266948,2428,3006991
118043,87390,12550,0.00182521,0.0005,18828527,548385,7886,706167,7686,7774,1589000
83322,26300,2170,0.00491597,0.25,10773141,14271019,582,48066,69791,439,133094
17336,18634,23391,0.00078778,0.1,254495,43587966,10129,28449,38387,1316,39233
64413,10721,10525,0.00031941,0.03,220582,3385353,933,10179,4762,1310,21088
75825,41469,9371,0.00034241,0.13,1076679,50521505,11588,38378,89502,1595,66745
109046,21660,1643,0.00163948,0.03,3872500,1067990,90,17736,13104,360,43850
117887,43943,2704,0.00015297,0.17,792452,20207540,1154,14462,29899,250,18511
70411,11972,24600,0.00013363,0.13,112654,38290496,8538,33516,39323,841,31380
45114,10492,24379,0.00491597,0.01,2327126,2558055,2032,80791,33352,1155,301658
41951,73668,1031,0.00002088,0.0005,64530,38008,341,1152,14,333,1630
117867,21275,9275,0.00018467,0.13,463104,25653800,1947,24610,45113,1823,49129
31046,27179,1834,0.00000434,0.2,3662,9974708,614,582,178,116,979
137034,91065,2431,0.00002088,0.27,260563,59785667,1865,29664,13050,1164,21612
90185,32471,5210,0.00047003,0.01,1376457,1691889,1377,17102,5592,1240,49944
144112,87176,13029,0.00082487,0.05,10363023,56795187,17155,509582,303187,5499,1050434
22530,10253,48658,0.00160539,0.03,370866,14967638,4765,36691,38712,2337,112109
26419,12879,25452,0.00056263,0.1,191449,32781952,7639,24685,36210,1451,40757
20715,13469,20208,0.00002483,0.23,6928,62607935,13529,4109,2968,13057,5638
40505,12378,27829,0.00041097,0.2,206065,68898718,2688,42474,80420,1630,25462
124839,80742,12194,0.00000464,0.05,46770,49230041,13468,38662,3095,12209,49356
77031,584,19909,0.00491597,0.3,221416,3492264,97,17807,67919,40,34985
46389,21677,12584,0.00082185,0.17,826472,46376622,1925,34539,74011,709,62307
88987,57897,16601,0.00002483,0.03,127927,28835533,9691,37294,5342,9218,49450
74393,61781,3466,0.00182521,0.23,8388939,49256590,1676,71328,93399,437,157782
17053,68211,9327,0.00078778,0.005,916381,3181257,3465,18480,2964,3587,53652
70243,18581,15137,0.00056263,0.13,734374,36566022,8572,38609,88137,1440,77433
99551,65462,1370,0.00860544,0.15,56081368,13457341,460,185531,116223,234,472963
101995,21211,15495,0.00018467,0.15,399527,49303159,11033,43004,78032,1142,65043
29391,45554,31508,0.00163948,0.001,2195076,1435322,6961,100695,3973,6743,382150
6742,75973,24251,0.00002088,0.01,10695,18424868,11455,8254,328,12745,14174
1890,69055,1645,0.00013363,0.13,17441,14772155,390,700,357,536,1068
122872,7667,209,0.00163948,0.05,1544530,80229,20,775,1037,13,2289
105828,74577,396,0.00056263,0.2,4440503,5911526,107,4464,7926,109,12497
86877,14638,14200,0.00108175,0.001,1375721,207877,1483,41671,889,1502,124700
53857,9873,23597,0.00160539,0.13,853679,30288539,1575,45500,127934,1197,118489
46060,31593,12477,0.00296184,0.15,4310071,59129895,2767,105406,121873,1095,284582
15769,27519,48905,0.00019487,0.01,84566,13458643,8385,33713,2855,8053,51239
60528,5350,3159,0.00182521,0.23,591139,3888820,75,4707,18552,100,13005
88725,62419,9675,0.00952101,0.05,52729591,30197769,3579,1133087,334234,2777,2927142
3325,56230,3560,0.00296184,0.23,553791,46047145,2134,4745,4584,1033,12925
141148,75771,13011,0.00160539,0.05,17169578,49293225,16644,827216,351382,4737,1647627
109753,87959,416,0.00002483,0.03,239704,1100024,90,1165,288,115,1594
30866,17183,18656,0.00078778,0.05,417827,16028511,4321,21655,29220,1442,54496
81106,27977,18993,0.00013363,0.13,303222,69078256,15284,49948,76537,1707,79298
18876,4775,8721,0.00000464,0.3,418,12495083,170,930,154,117,1027
66337,2388,7620,0.00008429,0.23,13356,4186712,135,4400,1580,52,5450
224,50902,8959,0.00008429,0.15,962,68406475,14978,1692,412,16030,2315
47902,10258,40635,0.00860544,0.07,4228743,29180178,7747,263526,262452,2054,895875
19523,934,25662,0.00056263,0.13,10266,3117975,86,4557,1979,63,6119
16165,37037,2804,0.00082282,0.2,492642,20774488,1066,2905,5642,548,8682
64348,19672,7712,0.00370564,0.2,4690976,30345813,1590,69520,110950,311,193783
8093,11670,43230,0.00078778,0.07,74402,35315373,8447,24349,13571,8289,24778
70750,40157,28409,0.00008429,0.03,239480,34225737,11672,50324,16552,15863,84519
20235,42466,12237,0.00182521,0.03,1568424,15590396,5272,28007,26522,5204,114418
81521,33249,22127,0.01084252,0.0005,29389118,367856,7998,1140998,26869,7319,3486157
138381,26832,9184,0.00018467,0.27,685694,66541578,1987,43440,125825,1291,58298
78519,15235,6040,0.00082487,0.17,986777,15644394,886,15202,56863,223,38015
146154,1317,10067,0.00001651,0.17,3178,2254044,62,8959,361,43,8255
19306,38528,22318,0.00041097,0.05,305707,42994698,11792,21194,30542,10314,49972
61507,64168,3007,0.00013363,0.13,527416,25087802,1785,5236,13013,449,13536
110118,17517,11225,0.00008429,0.25,162597,49161767,2319,30558,40129,788,36449
22950,10175,25162,0.00296184,0.27,691700,69132631,2112,47689,92847,1264,96421
39045,50871,3696,0.00082282,0.25,1634351,47005874,2107,9559,32010,781,34758
4301,38381,37946,0.00002483,0.0005,4099,728231,6853,8126,32,6798,12093
10,24130,2263,0.00034241,0.005,87,273120,154,199,16,113,325
62788,30689,7210,0.00001651,0.13,31813,28766562,6530,15984,2487,6511,18085
13984,6161,15339,0.00860544,0.3,741545,28355267,1049,24123,36579,246,59510
61837,15728,14842,0.02533638,0.13,24642471,30348225,1473,557502,415586,1186,1869468
47667,89081,10811,0.00491597,0.01,20874712,9631434,9681,347351,69247,8064,1168238
55938,9379,9133,0.00018467,0.15,96888,12849645,777,7758,13500,390,13397
145291,29857,2164,0.00015297,0.25,663593,16158835,294,8402,27333,146,13778
73450,28696,2701,0.00296184,0.17,6242903,13178472,245,29427,47884,165,93451
13678,69478,997,0.00370564,0.13,3521622,9012222,209,4916,4875,554,18911
74969,30626,22209,0.00078778,0.0005,1808808,340099,3514,72574,1069,3592,241603
123565,34426,2336,0.00182521,0.27,7764316,21716782,876,66099,84849,178,124761
7931,65086,5899,0.00002088,0.01,10778,3840068,2410,1932,105,3015,3156
92341,7302,10440,0.00018467,0.2,124528,15248655,785,12122,21304,168,21244
57417,4990,26049,0.00952101,0.27,2728256,35101184,1314,114566,269536,288,386953
94340,10152,16472,0.02533638,0.1,24266025,16722661,1585,839718,489409,332,962510
57540,63586,437,0.00056263,0.23,2058572,6404507,153,1599,3914,71,5600
40319,72941,2948,0.00108175,0.05,3181408,10754886,3683,14466,15681,3576,53022
52172,6086,36193,0.00056263,0.13,178653,28636974,6732,28872,67004,1121,58368
127748,32756,8112,0.00082487,0.2,3451691,53149283,12622,94030,195856,1393,214572
8095,56530,2191,0.00491597,0.13,2249845,16101643,1100,7034,6460,4467,27497
89116,9732,5599,0.00019487,0.13,169010,7084026,171,7298,10127,306,12887
9247,4600,6508,0.01084252,0.15,461280,4491926,103,3773,7696,83,16290
35390,33639,6233,0.00078778,0.15,937867,31451509,7396,9831,34773,425,35095
118270,5395,12366,0.00952101,0.17,6075596,11342507,208,214610,244839,147,493463
74347,55846,7870,0.00952101,0.01,39531852,4395439,9793,528217,100093,1966,1668677
40304,82417,1274,0.00082185,0.15,2729991,15760247,1002,5854,9957,543,20113
39955,23735,3557,0.00296184,0.27,2808903,22801970,887,14226,31345,1022,54641
26848,91981,3943,0.00296184,0.17,7314601,61671028,15672,43114,49114,1855,177962
144711,3562,11177,0.00082185,0.27,423709,10752194,222,22519,84222,96,47609
744,52746,115,0.00370564,0.3,145421,1832248,37,168,85,27,194
48912,7152,23122,0.00000464,0.15,1623,24807505,1568,14954,558,6505,12578
31079,62790,10888,0.00491597,0.01,9593404,6837252,6026,157632,40408,5991,564415
41058,5686,11014,0.00108175,0.05,252587,3132040,551,8077,10037,130,20858
96518,11880,20321,0.00047003,0.01,538974,2414244,1725,35467,8353,1605,89347
65846,15956,12081,0.00082487,0.0005,866675,96385,1333,22174,270,1360,66954
13701,225,28320,0.00182521,0.23,5636,1468025,39,3187,1926,27,3737
40745,21940,7324,0.00182521,0.13,1631684,20892047,1465,23955,40847,578,67111
14434,97687,7546,0.00015297,0.001,215690,737169,3766,12771,151,3753,19982
60641,8346,26013,0.00860544,0.07,4355582,15198445,4795,180726,204435,1085,612053
84830,22530,17039,0.00000464,0.15,8868,57586828,13065,27713,2490,1969,26721
147875,19880,2909,0.00082487,0.0005,2424999,28916,91,22213,188,140,56379
29953,2131,9350,0.00082487,0.3,52656,5978570,134,3755,10588,120,6397
37569,28762,2265,0.00000464,0.23,5013,14987651,323,1150,309,174,5162
131345,20463,9563,0.00182521,0.27,4905692,52839445,2313,165338,265773,784,344783
22580,33030,15081,0.00078778,0.07,587567,34871461,8822,27199,37603,1092,65813
143107,69551,6835,0.00000434,0.13,43197,61802128,14648,32032,3926,2449,35055
52745,5375,31446,0.00056263,0.17,159512,28734323,1746,26948,64744,624,48752
32293,98352,2386,0.00031941,0.13,1014481,30511506,7476,6072,10224,7133,10125
2876,2397,49094,0.02533638,0.27,174729,31776040,1241,10239,23192,7093,46333
47130,68204,3695,0.00013363,0.25,429558,63007579,2142,6244,31808,537,13699
13896,71346,2717,0.00163948,0.01,1625493,1938554,1614,7250,2506,1686,25931
118294,20939,4039,0.00034241,0.2,848149,16915945,384,13606,44205,1115,32690
4962,7533,42916,0.00860544,0.2,321745,64663565,2424,49235,49579,665,76678
24229,6527,12155,0.00952101,0.25,1505806,19835018,802,28941,48706,178,97842
9228,41512,10673,0.01084252,0.0005,4153628,221537,2507,57794,1130,2649,235918
70079,93697,14418,0.00034241,0.01,2248370,13509704,8736,71149,29144,8015,210460
85898,58075,6445,0.00370564,0.17,18485798,63637118,4473,301012,270961,769,702813
11245,56010,8073,0.00019487,0.13,122741,58786002,13536,7276,7970,13034,12019
98856,45121,5051,0.00019487,0.005,869233,1139748,1542,14000,1528,1649,36999
27910,43453,14795,0.00015297,0.001,185525,642913,3301,16259,170,3420,29701
40246,38936,16160,0.00082282,0.001,1289418,629221,3346,36493,1420,3379,126220
104203,28402,35,0.00001651,0.2,48863,202743,19,136,51,11,55
138185,32186,7066,0.00491597,0.23,21865146,52309993,1659,529157,451442,1187,1124554
135291,86397,9008,0.00163948,0.0005,19163682,389151,6474,611157,5372,6165,1273477
113381,42933,4233,0.00860544,0.07,41890630,12722307,1602,497392,185512,658,1137366
110965,24997,1764,0.00000434,0.13,12038,5734082,432,3507,284,161,3787
6760,16828,42470,0.00000464,0.005,527,3573663,3834,6485,48,3900,8352
12507,13096,14887,0.02533638,0.001,4150124,194980,1537,78700,2429,1890,324515
99329,63754,3157,0.00031941,0.15,2022723,30194512,7386,14775,47175,487,46165
53731,98003,16547,0.00000464,0.0005,24433,810839,7541,20671,39,7563,27344
126359,94113,1349,0.00031941,0.13,3798479,16514541,1245,16151,32680,542,38709
64180,3726,23916,0.00296184,0.13,708381,11586162,338,36337,116156,218,103831
113464,39310,12161,0.00491597,0.1,21926787,47808862,3216,789097,416693,2397,1754542
52836,68274,4864,0.00952101,0.001,34345805,332133,7714,263691,9288,7853,877427
17509,3204,3643,0.00034241,0.001,19214,11677,67,537,18,19,808
95026,2982,1654,0.00015297,0.1,43359,493373,31,1917,503,23,2529
40403,90904,2211,0.00160539,0.3,5896288,60302294,1717,21084,37877,1048,71788
38879,64726,18126,0.00031941,0.005,803800,5866271,6166,39364,7997,6108,103892
112745,10219,10675,0.00015297,0.1,176246,10908998,408,15655,16460,529,27719
96812,59640,213,0.00160539,0.27,9269477,3436330,59,5183,7111,41,12669
29182,65479,169,0.00018467,0.23,352879,2553954,130,316,575,36,578
141685,11046,7196,0.00041097,0.15,643231,11925181,866,19300,53239,168,42764
77620,23824,7966,0.00018467,0.03,341503,5693951,2249,12598,7924,305,25997
7002,34276,7315,0.00015297,0.27,36713,67699271,2174,3060,4839,1320,4686
23575,8948,27730,0.00370564,0.27,781716,66996953,2168,60451,107823,523,120840
145954,79232,6174,0.00019487,0.0005,2253530,244597,2720,45607,508,2777,119568
140966,54271,5749,0.00002088,0.13,159741,40567960,9334,23356,20061,608,25551
74761,21183,28656,0.00082487,0.001,1306334,607026,3271,72947,2201,3244,234159
53554,40303,24466,0.00034241,0.03,739075,29582358,9713,50785,44166,8694,132058
114156,7995,9008,0.00013363,0.3,121974,21609624,779,16041,26740,166,21667
116075,22610,9987,0.01084252,0.27,28456074,60971279,1888,826964,857444,1181,1882301
32906,3914,31697,0.00008429,0.2,10858,24816783,1204,16498,5068,316,17386
30243,71308,6127,0.00008429,0.03,181781,13108272,4139,8473,2641,4285,13721
137955,35382,14524,0.00078778,0.1,3845302,51389721,13160,199134,276094,2595,437749
145078,127,8761,0.00018467,0.3,3427,336216,23,7590,480,14,6892
130389,74520,2007,0.00001651,0.2,160423,29926512,1439,12886,5409,772,11857
97811,10889,956,0.00056263,0.1,599255,1041432,52,2418,3848,33,5221
81359,68007,17325,0.00078778,0.05,4358862,58912212,17417,171468,205045,5646,483893
98260,16174,8581,0.00491597,0.13,7813044,18043845,1286,172995,165157,474,420081
15559,17880,12488,0.00015297,0.17,42558,37963300,8604,4286,6444,1162,18020
79899,65785,1918,0.00000434,0.15,22811,18930401,1174,1856,731,658,7157
123371,30844,8668,0.00160539,0.13,6109075,34757461,9252,173106,198590,1356,377116
27298,79766,4489,0.00163948,0.01,3569962,3581339,3058,25667,11252,2797,89637
141553,4492,5300,0.00047003,0.23,298938,5477088,138,9590,26853,63,18896
43406,84702,12184,0.00000434,0.0005,15956,516048,4955,12191,27,4971,16506
5226,6183,36112,0.00296184,0.2,95718,44659764,1814,6759,19148,9792,22029
106799,17837,15074,0.00952101,0.2,18137811,53778313,2055,720904,555376,1383,1730856
62487,15689,2816,0.00015297,0.001,149973,44183,74,3197,40,59,5442
97393,27304,10877,0.00041097,0.03,1092894,8909871,3068,32523,29861,1418,90149
14070,53083,14692,0.02533638,0.01,18924549,7799590,8489,376718,35437,7876,1439452
47748,2131,15014,0.00160539,0.23,163390,7360783,121,9706,35097,80,20323
88232,60784,23716,0.00182521,0.001,9788985,1441623,7821,526233,17520,7752,1410079
55616,97816,14386,0.00018467,0.0005,1004648,703592,6731,42937,601,6789,108013
58590,32693,7041,0.00108175,0.13,2072146,29926629,1632,34854,57292,1112,82174
29902,28984,38266,0.00108175,0.03,937572,33274410,11468,70277,76994,5176,217923
18799,86901,22898,0.00000434,0.005,7090,9949580,10411,16588,150,10271,22727
41419,97471,3562,0.00019487,0.005,786729,1736387,2062,10195,1303,2098,20840
84201,22342,9230,0.01084252,0.2,20397716,41245006,1550,391455,385863,1077,1042581
103964,33586,6028,0.00002483,0.001,86701,202472,1365,9369,56,1389,11398
34352,245,11819,0.00163948,0.13,13802,376553,29,3586,1127,19,4919
2931,62754,8260,0.02533638,0.07,4661285,36287038,9691,51134,24041,9962,200444
137868,35115,1739,0.00082487,0.001,3993458,61089,123,24354,405,139,54252
49865,41784,1999,0.00082282,0.27,1714412,22559740,369,5841,16648,449,24767
32149,36429,16534,0.00002088,0.1,24454,60236341,13952,30421,3922,13230,13334
77232,67089,4255,0.00860544,0.13,44588813,37115150,1804,341898,233931,1462,1014439
17879,47963,1195,0.00002088,0.25,17906,14334379,599,500,514,206,1101
39010,9078,33934,0.00370564,0.15,1312402,46212117,10630,79431,189461,1583,241991
110072,20278,11682,0.00860544,0.2,19208585,47382558,1792,621006,444126,1227,1419988
19960,36306,3291,0.00002483,0.25,17994,29876696,1294,1287,1310,631,1962
6144,88356,3278,0.00296184,0.001,1607930,289667,1856,9275,350,1879,30934
61224,69978,3032,0.00000464,0.15,19879,31834352,7172,2546,1011,7591,3989
134628,16078,10012,0.00000464,0.07,10043,11268504,1401,13782,609,740,14471
59585,74754,16187,0.00015297,0.005,681372,6050546,6621,38369,4312,6273,88303
59470,41601,16892,0.00041097,0.01,1016753,7027616,4463,38478,14283,4567,111859
53330,12759,6736,0.00000464,0.25,3157,21489121,935,10505,529,5463,2063
73733,72452,704,0.00047003,0.3,2511000,15312633,536,3234,9113,158,11516
75727,10143,12986,0.00000464,0.17,3564,22392636,1295,14729,694,5488,11729
71289,54592,8506,0.00056263,0.001,2189660,464410,2615,34550,1186,2713,112896
43133,62942,2652,0.00047003,0.13,1276096,21701382,1546,6466,19887,684,20810
83377,64028,11307,0.00041097,0.03,2194003,21720017,7553,59569,66023,3398,170219
36458,44661,39969,0.00952101,0.005,15503072,8925613,12333,934983,138056,7175,3176011
48803,4118,39748,0.00047003,0.15,94477,24556103,1508,28241,45468,588,43682
121081,7349,7864,0.00001651,0.15,14691,8669258,238,8757,1215,198,10663
141588,21428,3550,0.00018467,0.1,560287,7608172,289,9834,17138,476,21584
31615,29284,40933,0.00001651,0.03,15285,35961244,12094,33519,1684,11805,41418
74208,8693,2301,0.00013363,0.25,86208,5002743,131,2787,3275,56,3945
63548,45979,19191,0.00056263,0.05,1643964,44120881,12343,72080,117006,4252,202891
11443,19524,17610,0.00000434,0.15,969,51575427,11497,2119,438,12853,2958
26703,74691,22749,0.00008429,0.01,168118,16992017,10468,38779,3553,10506,56702
63747,46730,22053,0.00082185,0.005,2448262,5152867,5745,94304,19598,5958,311427
131722,73298,2970,0.00034241,0.07,3305963,15243092,4547,35055,44417,1085,78642
33185,86416,16935,0.00952101,0.001,27304208,1463532,10852,680854,24813,10188,2369563
69175,16274,14814,0.00047003,0.05,529169,12055484,3568,22310,29210,1188,59227
109228,25348,5275,0.00163948,0.13,4539417,17384897,1224,71297,93938,435,160415
142562,37467,3085,0.00041097,0.15,2195162,17338286,1102,26669,58969,242,54679
147751,75258,10129,0.00031941,0.005,3551712,3811632,4541,128220,14374,4704,294244
32314,2144,8760,0.00296184,0.15,205221,2817707,73,4814,14211,551,12748
139897,49460,2960,0.00182521,0.05,12629356,7321594,1291,142512,70782,466,275669
83826,30839,11021,0.02533638,0.17,65497623,57781073,2672,1372056,1055493,680,3917770
113894,7882,5236,0.02533638,0.13,22745018,5365824,166,285441,162839,96,301817
51603,2206,39592,0.00078778,0.001,89686,87348,402,20827,170,392,39179
6115,16470,8640,0.00018467,0.23,18600,32730337,1512,1735,2552,476,2798
38106,31745,18972,0.00001651,0.07,19972,42160842,10395,26021,2394,10213,31243
142464,94820,844,0.00160539,0.3,21686349,24010189,808,69522,70138,439,138342
1125,44458,38683,0.00108175,0.001,54107,1719825,8003,21981,161,8025,33112
119561,1522,6054,0.01084252,0.17,1973556,1566962,70,27729,71045,34,80668
71571,86576,17575,0.01084252,0.03,67184552,45649148,27765,1948960,455431,7278,6344489
53559,66856,3035,0.01084252,0.0005,38825420,101458,1211,186126,3125,880,604805
10211,88368,214,0.00008429,0.1,76058,1892083,72,281,152,213,346
81724,58758,3114,0.00002088,0.25,100265,45750072,10620,3911,6319,970,15494
61728,81707,10021,0.00108175,0.0005,5455945,409393,4534,98646,1769,4684,313552
99419,12744,8013,0.00001651,0.13,20919,13277221,883,11494,1801,3393,11147
59148,13274,9381,0.01084252,0.005,8513016,622645,184,132249,26554,345,424570
100118,11748,9226,0.00182521,0.25,2146861,27099502,1219,55592,152398,235,135648
112858,36186,11984,0.00031941,0.13,1304471,56380562,12867,60434,154425,2229,121227
73650,90547,19948,0.00000434,0.0005,28942,903126,8366,28367,45,8386,38334
128860,43932,14497,0.00034241,0.005,1938426,3184489,3768,83227,11701,3644,227207
41489,11231,3603,0.00018467,0.2,86056,8094838,149,1824,4161,135,5850
10073,12504,27300,0.00182521,0.005,229900,1706853,2031,13648,1913,2075,40649
56071,15600,7921,0.00002088,0.25,18264,30894864,1371,15650,2809,698,14459
68431,8051,15010,0.00000464,0.2,2556,24172754,1154,15767,742,979,13504
4326,40343,6596,0.00370564,0.13,646812,34596220,1809,7769,6827,1356,25705
96692,82644,2252,0.00034241,0.001,2736248,186165,1401,15852,480,1524,44751
33442,7980,13858,0.00041097,0.23,109680,25436471,1098,14760,25018,362,7927
127953,32276,13165,0.00370564,0.13,15304082,55241997,16102,679207,399589,2177,1404512
34597,27656,34667,0.00013363,0.005,127864,4793962,5215,29655,1510,5255,41705
102241,65545,651,0.00163948,0.005,10986842,213625,77,19090,2459,110,49243
7814,59894,5017,0.00047003,0.07,219995,21037113,5326,5512,3822,5168,8869
39260,76247,5278,0.00056263,0.15,1684267,60366717,13619,16575,29867,13389,52737
620,71969,2468,0.00078778,0.27,35173,47966977,1914,1474,956,942,2256
11812,52150,9738,0.00047003,0.0005,289560,253940,2766,10921,100,2741,22470
84252,55455,8994,0.00013363,0.07,624351,34917097,8517,30762,36571,1905,61989
2084,44175,15675,0.00001651,0.1,1520,69247645,16230,2860,596,16974,4504
12867,34984,10890,0.00108175,0.001,486967,380989,2290,11434,372,2276,33968
104484,3891,5277,0.00491597,0.13,1998911,2669932,127,25872,58553,56,70001
50720,6003,36444,0.00108175,0.17,329375,37192673,1617,43212,134107,1147,85870
47679,20880,10732,0.01084252,0.05,10794459,11205034,5452,187032,83706,1121,610004
14048,771,13751,0.00860544,0.15,93233,1590754,51,3281,10364,38,8331
23231,3666,17528,0.01084252,0.15,923543,9640168,267,23470,51971,143,87796
131503,46495,3807,0.00019487,0.27,1191490,47802468,2090,30850,69208,692,38575
18840,22569,2896,0.00015297,0.27,65043,17653245,700,1362,3229,401,2246
42661,98275,810,0.00082282,0.3,3449722,23882852,841,4908,11151,435,16124
27768,4900,1340,0.00163948,0.3,223115,1971127,45,625,3443,31,1962
124491,2989,8506,0.00019487,0.25,72515,6356963,105,10439,12515,269,16672
41526,6876,37572,0.00002483,0.17,7090,43921099,9862,21326,3534,1357,30719
31953,67784,1742,0.00002088,0.25,45224,29528343,1165,1522,1767,637,2392
73264,36226,14057,0.00860544,0.05,22839600,25462876,11191,536907,254696,2513,1729985
263,55840,1971,0.01084252,0.25,159363,27516850,1282,2008,1045,6512,2991
23840,35946,9616,0.00001651,0.13,14148,44939769,10353,3528,1738,10308,5537
109787,84007,12567,0.00082185,0.005,7579868,5278713,7366,287485,39415,5645,673062
92892,29227,5911,0.00015297,0.23,415318,39742536,1718,22950,49584,389,23075
12871,12566,48371,0.00078778,0.1,127428,60786423,14210,39145,47300,1546,67548
136773,60533,4472,0.00002088,0.13,172872,35191674,8172,21816,8839,7988,20734
140635,29048,225,0.00018467,0.15,754421,981624,39,591,1955,28,1463
12971,33483,15175,0.00182521,0.13,792721,66058274,15136,19275,27075,14543,69629
77879,63025,11611,0.00013363,0.05,655911,36592561,9849,37782,29292,9044,75373
41815,28148,4767,0.02533638,0.3,29821998,40258047,1381,207516,247776,294,718715
50288,17152,3230,0.00491597,0.0005,4240365,27706,108,22584,299,82,73561
40080,5458,712,0.00163948,0.01,358689,38884,18,550,169,12,1560
115202,59641,6193,0.00160539,0.03,11030405,11082500,5946,212349,97268,1727,466523
50522,8252,10560,0.00296184,0.05,1234850,4357242,260,22221,36522,179,73017
35557,50527,33258,0.02533638,0.005,45519939,8402353,16185,2244357,174933,7344,7688832
73339,16870,16588,0.00182521,0.23,2258237,64363645,2189,84968,226839,1474,212262
9299,41487,5783,0.00078778,0.25,303943,59988259,1928,5219,7832,1267,12612
86521,33964,16898,0.00370564,0.1,10889559,57393292,16040,421135,332223,2879,1059022
30814,33280,2159,0.00047003,0.17,482029,12217087,230,2464,7121,3946,6890
72150,12862,3550,0.00000464,0.23,4305,10504427,239,3982,330,157,4268
77285,72223,1987,0.00019487,0.005,1087729,717820,1202,6632,788,1271,16393
7293,88117,3594,0.00015297,0.15,98310,47505746,10496,3821,3486,10299,5971
26691,23258,14148,0.00041097,0.03,255133,9872247,3389,14114,7660,3250,28946
1217,40364,19338,0.00019487,0.03,9573,23418320,7866,4205,564,8539,6949
44542,10386,46788,0.00370564,0.0005,1714395,242987,2662,116017,1476,2667,434249
98066,41967,4088,0.00082282,0.23,3386379,39465343,1734,48364,79696,641,90221
27393,84002,18932,0.00002088,0.005,48047,7952075,8359,20583,428,8273,31602
116613,13871,7347,0.00082185,0.07,1329414,7134207,285,25648,48013,262,70933
14281,1055,32284,0.00082487,0.13,12428,4428012,243,4682,2938,83,6472
146723,50138,9134,0.00031941,0.13,2349750,59535716,13810,86127,179105,2347,172021
12390,12503,17078,0.00056263,0.15,87166,32030299,1504,17567,12458,1104,18269
103938,21804,1155,0.00034241,0.01,776007,251914,60,3359,665,49,7818
34805,35687,40284,0.00013363,0.005,165982,7188313,7684,41112,2377,7525,59316
87509,9149,13855,0.00013363,0.001,106994,126770,569,13463,89,561,23051
48349,27792,27748,0.00082185,0.07,1104360,53983736,13377,71581,126592,3788,199104
88274,73012,4168,0.00015297,0.2,985914,60871976,13384,10803,41958,13078,32050
15662,83492,1064,0.00000434,0.17,5675,15107145,783,490,189,437,734
146067,6562,7358,0.00002483,0.25,23801,12072634,182,10154,3023,267,11790
77008,1318,3210,0.00047003,0.17,47739,719796,37,2691,1578,24,3808
105587,27508,4739,0.00078778,0.07,2288163,9126957,1237,28367,46523,275,74781
23181,10552,21554,0.00002483,0.15,6073,34118274,7647,12071,1594,1183,13335
81464,7120,25173,0.00491597,0.05,2851458,8961824,1563,128913,175920,628,404195
37237,2766,18137,0.00000434,0.15,447,7527486,162,5446,135,278,5854
125857,42282,11878,0.00108175,0.13,5756540,65294101,15849,242265,279746,2563,490901
128261,9592,15190,0.00034241,0.27,421271,39342141,1546,40058,128722,525,66028
61932,25737,14922,0.00000464,0.17,7396,65291681,14131,30199,2683,1972,27411
25669,4966,8747,0.00082185,0.2,104775,8688468,371,4782,12479,240,9104
102238,46444,5011,0.00108175,0.2,5136538,46554403,1756,82738,110177,1037,169766
40058,38153,33365,0.00108175,0.005,1653316,6365225,6987,88492,19656,6999,315380
22717,23456,9074,0.00078778,0.27,419776,57471245,1782,30435,34994,450,23537
130451,3348,5445,0.00056263,0.27,245799,4923828,99,8656,25765,54,15951
51667,59315,34324,0.00296184,0.01,9077075,20359700,14624,506844,167222,8568,1645889
35930,18510,43427,0.00108175,0.05,719456,40193270,11389,67415,113626,3888,195502
102296,49130,19240,0.00082487,0.001,4145695,945278,4994,204505,5284,4925,532528
10672,69703,3104,0.02533638,0.27,18847451,58433424,1816,78802,98574,1143,296070
9004,12905,6957,0.00056263,0.27,65380,24242849,973,1914,5525,487,3998
31259,51760,282,0.00296184,0.27,4792311,3954936,73,2077,3310,105,7191
90705,89705,19766,0.00000464,0.03,37754,53196138,17847,47628,2641,16677,60542
64621,50363,25942,0.00296184,0.03,9639487,39196463,15213,425480,230110,6095,1347968
45392,20350,19204,0.00013363,0.13,123441,50807587,11456,31389,20828,11109,28563
54120,1817,14319,0.00013363,0.005,13141,130102,52,6493,70,68,8322
80022,60627,9037,0.00019487,0.1,945424,54794058,12765,43397,76519,1842,83184
44171,76085,461,0.00296184,0.3,9954267,10531483,165,7240,11527,189,24159
115292,39086,8221,0.00000434,0.0005,19557,160675,1867,10578,20,1874,12975
96021,4419,4360,0.00002483,0.005,10536,96343,65,3574,29,34,3868
90671,14282,15507,0.00001651,0.2,21380,44297385,9679,19951,5388,1146,23697
5424,40416,9568,0.00000464,0.01,1017,3867241,2454,1638,52,2613,2215
78709,24244,14016,0.00008429,0.05,160849,16991946,4540,21235,13283,4444,35467
7794,78175,13976,0.00000434,0.05,2644,54632305,14652,4599,441,16626,7253
63788,71216,18054,0.00182521,0.03,8291531,38574127,14737,267031,166723,6009,819427
97165,68569,4654,0.00296184,0.15,19733663,47874562,14846,224517,190954,708,555238
89490,74614,2024,0.00952101,0.001,63574769,151024,195,291891,20373,498,740885
25885,59247,25114,0.00002483,0.001,38081,1488003,6934,21404,99,7089,30391
58210,37778,9183,0.00108175,0.03,2378882,10408478,3607,40075,43297,1641,126355
60030,3236,24864,0.00002088,0.05,4056,4023176,651,11354,517,1479,11214
114059,34686,11559,0.00015297,0.05,605203,20048095,5550,33545,28881,1843,72446
31683,32508,6174,0.00015297,0.17,157556,34122834,7512,4775,9600,1043,9435
72822,57831,14154,0.00031941,0.07,1345182,57301813,24259,62342,104483,4068,143247
2739,78424,15866,0.00018467,0.05,39677,62217421,17247,11033,3192,15765,16014
81059,17385,16092,0.00018467,0.01,260245,2797698,1824,19989,2852,1818,25106
39932,4230,25806,0.00002088,0.25,3527,27292751,1102,17123,1653,241,14277
84935,12015,13964,0.00001651,0.23,16848,38591061,1662,22964,4176,885,18406
6103,20251,12405,0.00296184,0.27,366104,67833284,2087,7851,14390,1321,26794
65858,3776,26687,0.00078778,0.27,195927,27211303,1144,29747,93396,287,47443
38914,15694,4996,0.01084252,0.3,6622177,23528295,839,50011,73489,424,176390
74679,45182,1069,0.00001651,0.17,55707,8211202,162,1265,964,112,3797
72484,1528,26418,0.00002483,0.0005,2751,20196,104,12255,14,102,11188
44704,5811,14677,0.00108175,0.17,281051,14501473,785,12487,43810,193,30158
66823,75696,25692,0.00163948,0.03,8293048,58345779,21442,387678,258484,9004,1175183
74994,27738,25355,0.00082185,0.05,1709621,35165355,10071,92243,148103,3416,269087
17740,2346,16066,0.00000434,0.07,180,2639342,118,2667,48,198,2919
135355,38202,11339,0.00056263,0.07,2909288,30324708,8064,117395,155019,2151,262164
122660,63194,755,0.00018467,0.25,1431465,11930381,270,2875,10862,144,11972
66726,22607,1330,0.00163948,0.13,2473191,3910963,135,7157,13739,169,18964
36799,5092,43610,0.00047003,0.03,88077,6662024,2330,21095,9040,2201,39511
44946,23862,10346,0.00013363,0.05,143321,12345012,3432,12664,5487,3534,18527
129648,25185,11868,0.00082185,0.17,2683583,50813846,12027,114832,232249,1546,243811
142307,8033,2625,0.00163948,0.27,1874270,5695502,93,15165,49099,59,36543
57597,63238,755,0.00078778,0.3,2869437,14330699,511,3797,9590,158,12643
42091,36470,1526,0.00000464,0.03,7122,1670595,142,1029,64,180,1254
126922,57792,10927,0.00108175,0.005,7934737,3157595,4789,285741,35739,3486,633867
124800,17746,12206,0.00082185,0.15,1820176,32491617,1519,71700,180211,1123,166687
136659,27940,12162,0.00296184,0.15,11309213,50973075,14022,501174,394792,1743,965549
53925,11234,3954,0.00013363,0.1,80954,4442137,434,4350,2257,210,5880
78162,24539,11588,0.00082282,0.13,1578228,36970027,8833,41478,119068,1464,112382
139169,50831,2641,0.00000464,0.001,32824,134287,608,4782,23,601,6073